ModulNr.1,ModulNr.2,Modultitel,Studiengang1,Studiengang2,Studiengang3,Studiengang4,Studiengang5,Studiengang6,Studiengang7,Studienart,Hochschule,Sprache,SWS Vorlesung,SWS Ringvorlesung,SWS Übung,SWS Seminar,SWS Übung/Seminar,SWS Tutorium,SWS Praktikum,SWS Exkursion,SWS Projekt,SWS Berufspraktikum,SWS Sprachkurs,SWS eLearning,Summe SWS,Arbeitsaufwand [h] ,Selbststudium [h] ,ECTS,PVL Referat,PVL Labor,PVL Beleg,PVL Teilnahme/Testat,PVL Protokoll,PVL Moderation,PL Klausur,PL mdl Prüfung,PL Referat,PL Präsentation,PL Belegarbeit,PL Seminararbeit,PL Projektarbeit,PL Praktikumsprotokoll,PL Praktikumsbericht,PL Exkursionsbericht,PL Laborarbeit,PL Forschungsplan,PL e-Learning Test,WS,SS,Moduldauer [Semester],Modulverantw,Mail_Kontakt,weitere Dozenten,Bemerkung
VNT_37,,Umweltverfahrenstechnik,Verfahrens- und Naturstofftechnik,,,,,,,Diplom/Bachelor,TUD,Deutsch,3,0,2,0,0,0,0,0,0,0,0,0,"5,0",150,75,5,0,0,0,0,0,0,0,1,0,0,0,0,0,0,0,0,0,,,1,1,,Brummack,,,
VNT_44,,Molekulare Biotechnologie,Verfahrens- und Naturstofftechnik,,,,,,,Diplom/Bachelor,TUD,Deutsch,2,0,2,0,0,0,0,0,0,0,0,0,"4,0",150,90,5,0,0,0,0,0,0,1,0,0,0,0,0,0,0,0,0,0,,,1,1,,Steingroewer,,,
VNT_46,,Allgemeine Mikrobiologie,Verfahrens- und Naturstofftechnik,,,,,,,Diplom/Bachelor,TUD,Deutsch,2,0,0,0,0,0,2,0,0,0,0,0,"4,0",150,90,5,0,0,0,0,0,0,0,"0,75",0,0,0,0,0,"0,25",0,0,0,,,1,0,,Boschke,,,
POL-METH,,,Politik und Verfassung,,,,,,,Master,TUD,Deutsch,3,0,2,0,0,0,0,0,0,0,0,0,"5,0",153,78,"5,1",0,0,0,0,0,0,0,0,0,0,0,0,0,0,0,0,0,,,0,0,,,,,
Phil-MA 2,,Praktische Philosophie,Philosophie,,,,,,,Master,TUD,Deutsch,0,0,0,4,0,2,0,0,0,0,0,0,"6,0",450,360,15,0,0,1,0,0,0,0,"0,5",0,0,0,"0,5",0,0,0,0,0,,,1,1,,Rentsch,,,
Phil-MA WP-1,,Philosophie der Wissenschaft und Technik,Philosophie,,,,,,,Master,TUD,Deutsch,0,0,0,4,0,2,0,0,0,0,0,0,"6,0",450,360,15,0,0,1,0,0,0,0,"0,5",0,0,0,"0,5",0,0,0,0,0,,,1,1,,Irrgang,,,
Phil-PM-WT 3,,Geistes- und Sozialwissenschaftliche Aspekte der Wissens- und Technikforschung,Philosophie,,,,,,,Master,TUD,Deutsch,2,0,2,2,0,2,0,0,0,0,0,0,"8,0",450,330,15,0,0,0,0,0,0,"0,5",0,0,0,0,"0,5",0,0,0,0,0,,,1,0,,Halfmann,,,
BWL-MA-02-04 / MA-WW-BWL-0205 / D-WW-WIWI-0205,FOMH 6,Ökologieorientierte Informations- und Entscheidungsinstrumente,Betriebswirtschaftslehre,,,,,,,Master,TUD,Deutsch,2,0,0,2,0,0,0,0,0,0,0,0,"4,0",180,120,6,0,0,0,0,0,0,"0,3",0,0,0,0,0,"0,7",0,0,0,0,,,0,1,,E.Günther,,,
BWL-MA-03-04,MA-WW-BWL-0694 / D-WW-WIWI-0694,Studienprojekte in Energie und Umwelt,Betriebswirtschaftslehre,,,,,,,Master,TUD,Deutsch,0,0,0,4,0,0,0,0,0,0,0,0,"4,0",180,120,6,0,0,0,0,0,0,0,0,0,0,0,"0,6","0,4",0,0,0,0,,,0,1,,Möst,,Günther,
BWL-MA-04-04,MA-WW-BWL-0605 / D-WW-WIWI-0605,Ressourcenökonomie und Umweltpolitik,Betriebswirtschaftslehre,,,,,,,Master,TUD,Deutsch,2,0,2,0,0,0,0,0,2,0,0,0,"6,0",270,180,9,0,0,0,0,0,0,"0,5",0,0,0,0,0,"0,5",0,0,0,0,,,0,1,,Möst,,,
FOMH 6,BWL-MA-02-04 / MA-WW-BWL-0205 / D-WW-WIWI-0205,Ökologieorientierte Informations- und Entscheidungsinstrumente,Holztechnologie und Holzwirtschaft,,,,,,,Master,TUD,Deutsch,2,0,0,2,0,2,0,0,0,0,0,0,"6,0",300,210,10,0,0,0,0,0,0,"0,3",0,0,0,0,0,"0,7",0,0,0,0,,,0,1,,E.Günther,,,
FOMH 9,,Biometrie,Holztechnologie und Holzwirtschaft,,,,,,,Master,TUD,Deutsch,1,0,1,0,0,0,0,0,0,0,0,0,"2,0",150,120,5,0,0,0,0,0,0,"0,7",0,0,0,0,0,0,0,"0,3",0,0,,,1,0,,U.Berger,,,
FOMH 10,,Marketing der Forst- und Holzindustrie,Holztechnologie und Holzwirtschaft,,,,,,,Master,TUD,Deutsch,"0,5",0,"0,5",3,0,0,0,0,0,0,0,0,"4,0",150,90,5,0,0,0,0,0,0,1,0,0,0,0,0,0,0,0,0,0,,,1,0,,Weber,,Deegen,
FOMH 12,,,Holztechnologie und Holzwirtschaft,,,,,,,Master,TUD,Deutsch,"1,5",0,1,"1,5",0,0,0,0,0,0,0,0,"4,0",150,90,5,0,0,0,0,0,0,0,0,0,0,0,0,0,0,0,0,0,,,0,0,,Bemmann,,"Bitter, Bues, Große, Pretzsch, Weber",
MSc GIT 04,,Fernerkundung,Geoinformationstechnologie,,,,,,,Master,TUD,Deutsch/Englisch,2,0,0,1,0,0,0,0,0,0,0,0,"3,0",180,135,6,0,0,0,0,0,0,1,0,0,0,0,0,0,0,0,0,0,,,1,0,,Csaplovics,,,
MSc GIT 09,MSc G 11,Fernerkundung und Bildanalyse,Geoinformationstechnologie,,,,,,,Master,TUD,Deutsch/Englisch,1,0,1,1,0,0,0,0,0,0,0,0,"3,0",270,225,9,0,0,1,0,0,0,0,1,0,0,0,0,0,0,0,0,0,,,0,1,,Csaplovics,,,
MSc GIT 12,,Kartographische Feldarbeit,Geoinformationstechnologie,,,,,,,Master,TUD,Deutsch,0,0,0,1,0,0,0,5,0,0,0,0,"6,0",270,180,9,0,0,0,0,0,0,0,0,"0,5",0,0,"0,5",0,0,0,0,0,,,0,1,,Buchroithner,,,
MSc G 04,,Städtische Bodenordnung,Geodäsie,,,,,,,Master,TUD,Deutsch,2,0,1,0,0,0,0,0,0,0,0,0,"3,0",150,105,5,0,0,0,0,0,0,0,1,0,0,0,0,0,0,0,0,0,,,1,0,,Weitkamp,,,
MSc G 09,,Bodenpolitik für ländliche Räume,Geodäsie,,,,,,,Master,TUD,Deutsch,2,0,0,0,0,0,0,"1,5",0,0,0,0,"3,5",270,"217,5",9,0,0,0,0,0,0,0,1,0,0,0,0,0,0,0,0,0,,,0,1,,Thöne,,,
MSc G 11,MSc GIT 09,Fernerkundung,Geodäsie,,,,,,,Master,TUD,Deutsch/Englisch,1,0,1,1,0,0,0,0,0,0,0,0,"3,0",270,225,9,0,0,1,0,0,0,0,1,0,0,0,0,0,0,0,0,0,,,0,1,,Csaplovics,,,
1.1,,Strategisches Management,Business Ethics and CSR-Management,,,,,,,Master,TUD/IHI,Deutsch/Englisch,2,0,0,0,2,0,0,0,0,0,0,0,"4,0",150,90,5,0,0,0,0,0,0,1,0,0,0,0,0,0,0,0,0,0,,,1,0,,Löhr,loehr@ihi.de,,
1.3,,Einführung in die Methoden der empirischen Sozialforschung,Business Ethics and CSR-Management,,,,,,,Master,TUD/IHI,Deutsch/Englisch,2,0,0,0,2,0,0,0,0,0,0,0,"4,0",150,90,5,0,0,0,1,0,0,1,0,0,0,0,0,0,0,0,0,0,,,1,0,,Ghanbari,,,
2.2,,Praktische Philosophie,Business Ethics and CSR-Management,,,,,,,Master,TUD/IHI,Deutsch/Englisch,0,0,0,2,0,0,0,0,0,0,0,0,"2,0",75,45,"2,5",0,0,0,0,0,0,0,0,"0,33",0,0,"0,67",0,0,0,0,0,,,1,0,,Aßländer,,,
2.4,,Angewandte Ethik: Problemfelder,Business Ethics and CSR-Management,,,,,,,Master,TUD/IHI,Deutsch/Englisch,0,0,0,2,0,0,0,0,0,0,0,0,"2,0",75,45,"2,5",0,0,0,0,0,0,0,0,"0,33",0,0,"0,67",0,0,0,0,0,,,1,0,,Aßländer,,,
6.4,,Nachhaltigkeitsberichterstattung,Business Ethics and CSR-Management,,,,,,,Master,TUD/IHI,Deutsch/Englisch,1,0,0,0,1,0,0,0,0,0,0,0,"2,0",75,45,"2,5",0,0,0,0,0,0,0,0,0,1,0,0,0,0,0,0,0,,,1,0,,Brauweiler,,,
7.3,,Soziologische Aspekte der Globalisierung,Business Ethics and CSR-Management,,,,,,,Master,TUD/IHI,Deutsch/Englisch,0,0,0,0,2,0,0,0,0,0,0,0,"2,0",75,45,"2,5",0,0,0,0,0,0,0,0,"0,5",0,0,"0,5",0,0,0,0,0,,,1,0,,Schenkel,,,
8.1,,Quantitative Verfahren der empirischen Sozialforschung,Business Ethics and CSR-Management,,,,,,,Master,TUD/IHI,Deutsch/Englisch,2,0,0,0,2,0,0,0,0,0,0,0,"4,0",150,90,5,0,0,0,0,0,0,1,0,0,0,0,0,0,0,0,0,0,,,0,1,,Burkatzki,,,
8.2,,Qualitative Verfahren der empirischen Sozialforschung I+II,Business Ethics and CSR-Management,,,,,,,Master,TUD/IHI,Deutsch/Englisch,2,0,0,0,2,0,0,0,0,0,0,0,"4,0",150,90,5,0,0,0,0,0,0,0,0,"0,5",0,0,0,0,0,"0,5",0,0,,,1,0,,N.N.,,,
M_BCM 1.1,,Angewandte Ökologie,Biodiversity and Collection Management,,,,,,,Master,TUD/IHI,Deutsch/Englisch,2,0,1,1,0,0,0,0,0,0,0,0,"4,0",150,90,5,0,0,0,0,0,0,1,0,0,0,0,0,0,0,0,0,0,,,1,0,,Xylander,willi.xylander@senckenberg.de,"Russell, Wesche",
M_BCM 1.2,,Systematik und Taxonomie von Pflanzen und Pilzen,Biodiversity and Collection Management,,,,,,,Master,TUD/IHI,Deutsch/Englisch,"2,5",0,"1,5",1,0,0,0,0,0,0,0,0,"5,0",150,75,5,0,0,0,0,0,0,1,0,0,0,0,0,0,0,0,0,0,,,1,0,,Wesche,karsten.wesche@senckenberg.de,"Damm, Otte, Ritz",
M_BCM 1.3,,Systematik und Taxonomie der Tiere,Biodiversity and Collection Management,,,,,,,Master,TUD/IHI,Deutsch/Englisch,3,0,4,2,0,0,0,0,0,0,0,0,"9,0",300,165,10,0,0,0,0,0,0,0,"0,5","0,5",0,0,0,0,0,0,0,0,,,1,0,,Xylander,willi.xylander@senckenberg.de,Ansorge,
M_BCM 1.4,,Biochemische und analytische Aspekte organismischer Diversität in Boden and Wasser,Biodiversity and Collection Management,,,,,,,Master,TUD/IHI,Deutsch/Englisch,"3,5",0,0,0,0,0,1,"0,5",0,0,0,0,"5,0",150,75,5,0,0,0,0,0,0,0,1,0,0,0,0,0,0,0,0,0,,,1,0,,Liers,,"Fränzle, Trog",
M_BCM 1.5,,Projektmanagement,Biodiversity and Collection Management,,,,,,,Master,TUD/IHI,Deutsch/Englisch,2,0,2,0,0,0,0,0,0,0,0,0,"4,0",150,90,5,0,0,0,0,0,0,0,0,"0,4",0,"0,6",0,0,0,0,0,0,,,1,0,,Brauweiler,,,
M_BCM 1.6,,Spezielle Ökologie,Biodiversity and Collection Management,,,,,,,Master,TUD/IHI,Deutsch/Englisch,2,0,0,1,0,0,6,0,0,0,0,0,"9,0",300,165,10,0,0,0,0,0,0,1,0,"0,5",0,"0,5",0,0,0,0,0,0,,,0,1,,Xylander,willi.xylander@senckenberg.de,"Wesche, Ansorge",
M_BCM 1.7,,Sammlungen und Museen,Biodiversity and Collection Management,,,,,,,Master,TUD/IHI,Deutsch/Englisch,2,0,2,0,0,0,0,2,0,0,0,0,"6,0",150,60,5,0,0,0,0,0,0,0,0,0,0,1,0,0,0,0,0,0,,,1,0,,Xylander,willi.xylander@senckenberg.de,"Döhler, Lesch, Rick",
M_BCM 1.8,,Sammlungen und genetische Forschung,Biodiversity and Collection Management,,,,,,,Master,TUD/IHI,Deutsch/Englisch,1,0,"1,5",0,0,0,"1,5",0,0,0,0,0,"4,0",150,90,5,0,0,0,0,0,0,0,0,1,0,0,0,0,0,0,0,0,,,1,0,,Wesche,karsten.wesche@senckenberg.de,"Ansorge, Ritz, Neinhuis",
M_BCM 1.9,,Mikrobielle Ökologie,Biodiversity and Collection Management,,,,,,,Master,TUD/IHI,Deutsch/Englisch,"2,5",0,1,0,0,0,0,0,0,0,0,0,"3,5",150,"97,5",5,0,0,0,0,0,0,0,1,0,0,0,0,0,0,0,0,0,,,1,0,,Hofrichter,,Wanner,
M_BCM 1.10,,Entscheidungsorientiertes Management,Biodiversity and Collection Management,,,,,,,Master,TUD/IHI,Deutsch/Englisch,0,0,0,2,0,0,0,0,0,0,0,0,"2,0",150,120,5,0,0,0,0,0,0,0,0,"0,5",0,"0,5",0,0,0,0,0,0,,,1,0,,Eckert,,,
M_BCM 1.11,,Interkulturelle Kommunikation and Stakeholderdialoge,Biodiversity and Collection Management,,,,,,,Master,TUD/IHI,Deutsch/Englisch,2,0,0,2,0,0,0,0,0,0,0,0,"4,0",150,90,5,0,0,0,0,0,0,0,"0,5","0,5",0,0,0,0,0,0,0,0,,,1,0,,Löhr,,"Odziemczyk, Erler",
M_BCM 2.1,,Spezielle Botanik,Biodiversity and Collection Management,,,,,,,Master,TUD/IHI,Deutsch/Englisch,0,0,0,1,0,0,8,0,0,0,0,0,"9,0",300,165,10,0,0,0,0,0,0,0,0,"0,5",0,"0,5",0,0,0,0,0,0,,,0,1,,Wesche,karsten.wesche@senckenberg.de,"Damm, Otte, Ritz",
M_BCM 2.2,,Spezielle terrestrische Zoologie,Biodiversity and Collection Management,,,,,,,Master,TUD/IHI,Deutsch/Englisch,0,0,0,1,0,0,8,0,0,0,0,0,"9,0",300,165,10,0,0,0,0,0,0,0,0,"0,5",0,"0,5",0,0,0,0,0,0,,,0,1,,Ansorge,,,
M_BCM 2.3,,Spezielle aquatische Zoologie,Biodiversity and Collection Management,,,,,,,Master,TUD/IHI,Deutsch/Englisch,0,0,0,1,0,0,8,0,0,0,0,0,"9,0",300,165,10,0,0,0,0,0,0,0,0,"0,5",0,"0,5",0,0,0,0,0,0,,,0,1,,Xylander,willi.xylander@senckenberg.de,,
M_BCM 2.4,,Paläontologie und Geologie,Biodiversity and Collection Management,,,,,,,Master,TUD/IHI,Deutsch/Englisch,0,0,0,1,0,0,8,0,0,0,0,0,"9,0",300,165,10,0,0,0,0,0,0,0,0,"0,5",0,"0,5",0,0,0,0,0,0,,,0,1,,Tietz,,Büchner,
M_BCM 3.1,,Umweltrecht,Biodiversity and Collection Management,,,,,,,Master,TUD/IHI,Deutsch/Englisch,4,0,1,0,0,0,0,0,0,0,0,0,"5,0",150,75,5,0,0,0,0,0,0,1,0,0,0,0,0,0,0,0,0,0,,,1,0,,Delakowitz,,,
M_BCM 3.2,,Angewandte Ethik: Problemfelder,Biodiversity and Collection Management,,,,,,,Master,TUD/IHI,Deutsch/Englisch,0,0,0,2,0,0,0,0,0,0,0,0,"2,0",150,120,5,0,0,0,0,0,0,0,0,"0,5",0,"0,5",0,0,0,0,0,0,,,1,0,,Aßländer,,,
M_BCM 3.3,,Strategisches Management,Biodiversity and Collection Management,,,,,,,Master,TUD/IHI,Deutsch/Englisch,4,0,1,0,0,0,0,0,0,0,0,0,"5,0",150,75,5,0,0,0,0,0,0,1,0,0,0,0,0,0,0,0,0,0,,,1,0,,Löhr,,,
197650,,Umwelt- und Energierecht,Integriertes Management,,,,,,,Master,HSZG,Deutsch,"2,5",0,"1,5",0,0,0,0,0,0,0,0,0,4,150,90,5,0,0,0,0,0,0,1,0,0,0,0,0,0,0,0,0,0,,,1,0,,Delakowitz,,0,
106530,,Umweltorientierte Unternehmensführung I - Grundlagen,Biotechnologie und Angewandte Ökologie,,,,,,,Master,HSZG,Deutsch,3,0,1,0,0,0,0,0,0,0,0,0,4,150,90,5,0,0,0,0,0,0,"0,8",0,0,0,"0,2",0,0,0,0,0,0,,,1,0,,Delakowitz,,0,
197550,,Betrieblicher Arbeitsschutz/Arbeitsschutzmanagementsysteme,Integriertes Management,,,,,,,Master,HSZG,Deutsch,2,0,2,0,0,0,0,0,0,0,0,0,4,150,90,5,0,0,0,0,0,0,0,1,0,0,0,0,0,0,0,0,0,,,1,0,,Brauweiler,,0,
198250,,Energiesysteme der Zukunft,Integriertes Management,,,,,,,Master,HSZG,Deutsch,3,0,1,0,0,0,0,0,0,0,0,0,4,150,90,5,0,0,0,0,0,0,0,0,0,0,1,0,0,0,0,0,0,,,1,0,,Haim,,0,
197500,,Theorie-Praxis-Transfer: Managementsysteme verstehen und analysieren,Integriertes Management,,,,,,,Master,HSZG,Deutsch,1,0,1,0,0,0,0,0,0,0,0,0,2,150,120,5,0,0,0,0,0,0,0,0,1,0,0,0,0,0,0,0,0,,,1,0,,Brauweiler,,0,
197350,,Qualitätsmanagementsysteme/Qualitätssicherung,Integriertes Management,,,,,,,Master,HSZG,Deutsch,3,0,1,0,0,0,0,0,0,0,0,0,4,150,90,5,0,0,1,0,0,0,1,0,0,0,0,0,0,0,0,0,0,,,0,1,,Sturm,,0,
197250,,Umwelt- und Energiemanagementsysteme/Betriebliche Energieeffizienz,Integriertes Management,,,,,,,Master,HSZG,Deutsch,2,0,"1,5",0,0,0,0,"0,5",0,0,0,0,4,150,90,5,0,0,0,0,0,0,0,1,0,0,0,0,0,0,0,0,0,,,0,1,,"Zenker-Hoffmann, Brauweiler",,0,
196950,,Projektmanagement: Methoden und Prozesse,Integriertes Management,,,,,,,Master,HSZG,Deutsch,2,0,2,0,0,0,0,0,0,0,0,0,4,150,90,5,0,0,0,0,0,0,0,0,0,0,1,0,0,0,0,0,0,,,0,1,,Brauweiler,,0,
200100,,Quantitative Umweltbewertung von Produkten,Integriertes Management,,,,,,,Master,HSZG,Deutsch,3,0,1,0,0,0,0,0,0,0,0,0,4,150,90,5,0,0,0,0,0,0,0,0,0,0,1,0,0,0,0,0,0,,,0,1,,"Delakowitz, Will",,0,
197050,,The Energy Quest - Potentials and Solutions,Integriertes Management,,,,,,,Master,HSZG,Deutsch,2,0,2,0,0,0,0,0,0,0,0,0,4,150,90,5,0,0,0,0,0,0,0,0,1,0,0,0,0,0,0,0,0,,,0,1,,"Brauweiler, Delakowitz",,0,
198300,,Energieversorgungsstrukturen in Europa,Integriertes Management,,,,,,,Master,HSZG,Deutsch,3,0,1,0,0,0,0,0,0,0,0,0,4,150,90,5,0,0,0,0,0,0,0,0,0,0,1,0,0,0,0,0,0,,,1,0,,Haim,,0,
197700,,"Handlungspflichten im Umwelt-, Energie- und Arbeitsschutzrecht",Integriertes Management,,,,,,,Master,HSZG,Deutsch,2,0,2,0,0,0,0,0,0,0,0,0,4,150,90,5,0,0,0,0,0,0,1,0,0,0,0,0,0,0,0,0,0,,,1,0,,Delakowitz,,0,
197000,,Integration und Auditierung von Managementsystemen,Integriertes Management,,,,,,,Master,HSZG,Deutsch,2,0,2,0,0,0,0,0,0,0,0,0,4,150,90,5,0,0,0,0,0,0,0,1,0,0,0,0,0,0,0,0,0,,,1,0,,Brauweiler,,0,
200150,,Sozialkompetenzen: Veränderungs- und Lernprozesse in Organisationen,Integriertes Management,,,,,,,Master,HSZG,Deutsch,1,0,3,0,0,0,0,0,0,0,0,0,4,150,90,5,0,0,0,0,0,0,0,1,0,0,0,0,0,0,0,0,0,,,1,0,,Will,,0,
197100,,Theorie-Praxis-Transfer: Umweltmanagementsysteme entwickeln und bewerten,Integriertes Management,,,,,,,Master,HSZG,Deutsch,1,0,1,0,0,0,0,0,0,0,0,0,2,150,120,5,0,0,0,0,0,0,0,0,1,0,0,0,0,0,0,0,0,,,1,0,,Brauweiler,,0,
200050,,Nachhaltigkeitsmanagement und -kommunikation,Integriertes Management,,,,,,,Master,HSZG,Deutsch,2,0,2,0,0,0,0,0,0,0,0,0,4,150,90,5,0,0,1,0,0,0,0,0,1,0,0,0,0,0,0,0,0,,,1,0,,"Will, Brauweiler",,0,
132400,,IT-Sicherheitsmanagement,Integriertes Management,,,,,,,Master,HSZG,Deutsch,2,0,2,0,0,0,0,0,0,0,0,0,4,150,90,5,0,0,0,1,0,0,0,0,0,0,1,0,0,0,0,0,0,,,1,1,,Spangenberg,,0,
106620,,Ökosystemkunde,Biotechnologie und Angewandte Ökologie,Ökologie und Umweltschutz,,,,,,Master,HSZG,Deutsch,4,0,0,0,0,0,0,0,0,0,0,0,"4,0",150,90,5,0,0,0,0,0,0,1,0,0,0,0,0,0,0,0,0,0,0,0,1,0,,Heidger,c.heidger@hszg.de,Dörnchen-Neumann,
158500,,Ökologie und Naturschutz,Biotechnologie und Angewandte Ökologie,,,,,,,Master,HSZG,Deutsch,4,0,0,0,2,0,0,0,0,0,0,0,"6,0",150,60,5,1,0,0,0,0,0,,0,0,0,0,0,0,0,0,0,0,0,0,1,0,,Heidger,c.heidger@hszg.de,Dörnchen-Neumann,@PL Klausur 'ist PK von 106610??'
105110,,Allgemeine Biologie,Biotechnologie und Angewandte Ökologie,Angewandte Mathematik,Biomathematik,Chemie,Chemie KIA,Molekulare Biotechnologie,Ökologie und Umweltschutz,Master,HSZG,Deutsch,3,0,0,0,0,0,0,0,0,0,0,0,"3,0",150,105,5,0,0,0,0,0,0,1,0,0,0,0,0,0,0,0,0,0,0,0,1,0,,Heidger,c.heidger@hszg.de,0,
158550,,Abwasser,Biotechnologie und Angewandte Ökologie,,,,,,,Master,HSZG,Deutsch,2,0,0,0,0,0,2,0,0,0,0,0,"4,0",150,90,5,0,1,0,0,0,0,0,1,0,0,0,0,0,0,0,0,0,0,0,1,0,,Kayser,kayser@ihi-zittau.de,0,
106530,,Umweltorientierte Unternehmensführung - Grundlagen,Biotechnologie und Angewandte Ökologie,Integriertes Management,Ökologie und Umweltschutz ,,,,,Master,HSZG,Deutsch,3,0,0,0,1,0,0,0,0,0,0,0,"4,0",150,90,5,0,0,0,0,0,0,"0,8",0,0,0,"0,2",0,0,0,0,0,0,0,0,1,0,,Delakowitz,b.delakowitz@hszg.de,0,
156300,,Tiersystematik / Artenschutz,Biotechnologie und Angewandte Ökologie,Ökologie und Umweltschutz ,,,,,,Master,HSZG,Deutsch,2,0,0,0,0,0,4,0,0,0,0,0,"6,0",150,60,5,0,1,0,0,0,0,1,0,0,0,0,0,0,0,0,0,0,0,0,1,0,,Heidger,c.heidger@hszg.de,0,
158400,,Spezielle Mikrobiologie,Biotechnologie und Angewandte Ökologie,,,,,,,Master,HSZG,Deutsch,3,0,0,0,0,0,0,0,0,0,0,0,"3,0",90,45,3,0,0,0,0,0,0,0,1,0,0,0,0,0,0,0,0,0,0,0,0,1,,Hofrichter,hofrichter@ihi-zittau.de,0,
157750,,Mikrobenphysiologie,Biotechnologie und Angewandte Ökologie,,,,,,,Master,HSZG,Deutsch,4,0,0,0,1,0,1,0,0,0,0,0,"6,0",150,60,5,0,1,0,0,0,0,"0,3","0,7",0,0,0,0,0,0,0,0,0,0,0,0,1,,Hofrichter,hofrichter@ihi-zittau.de,Ullrich,
144250,,Genetik/Molekularbiologie,Biotechnologie und Angewandte Ökologie,Molekulare Biotechnologie,,,,,,Master,HSZG,Deutsch,3,0,0,0,1,0,0,0,0,0,0,0,"4,0",150,90,5,0,0,0,0,0,0,1,0,0,0,0,0,0,0,0,0,0,0,0,0,1,,Schubert,r.schubert@hszg.de,0,
158600,,Populationsbiologie,Biotechnologie und Angewandte Ökologie,,,,,,,Master,HSZG,Deutsch,2,0,0,0,0,0,2,0,0,0,0,0,"4,0",180,120,6,0,0,0,0,0,0,1,0,0,0,0,0,0,0,0,0,0,0,0,0,1,,Heidger,c.heidger@hszg.de,0,
157800,,Ökologisches Praktikum,Biotechnologie und Angewandte Ökologie,,,,,,,Master,HSZG,Deutsch,0,0,0,0,1,0,6,0,0,0,0,0,"7,0",150,45,5,0,0,0,0,0,0,0,0,0,0,0,0,0,0,0,0,1,0,0,0,1,,Hofrichter,hofrichter@ihi-zittau.de,0,@PL Laborarbeit '(2 versch. PL!)'
158250,,Umweltchemie,Biotechnologie und Angewandte Ökologie,,,,,,,Master,HSZG,Deutsch,5,0,0,0,0,0,0,0,0,0,0,0,"5,0",150,75,5,0,0,0,0,0,0,1,0,0,0,0,0,0,0,0,0,0,0,0,0,1,,Hofrichter,hofrichter@ihi-zittau.de,Fränzle,@PL Klausur '(2 Versch. PK)'
158650,,Atmosphäre und Boden ,Biotechnologie und Angewandte Ökologie,,,,,,,Master,HSZG,Deutsch,4,0,0,0,0,0,1,0,0,0,0,0,"5,0",180,105,6,0,1,0,0,0,0,0,1,0,0,0,0,0,0,0,0,0,0,0,0,1,,Seidler,seidler@ihi-zittau.de,0,geht in Rente
141000,,Vegetationskunde,Biotechnologie und Angewandte Ökologie,Ökologie und Umweltschutz,,,,,,Master,HSZG,Deutsch,0,0,0,0,"0,5",0,"3,5",0,0,0,0,0,"4,0",150,90,5,0,1,0,0,0,0,1,0,0,0,0,0,0,0,0,0,0,0,0,0,1,,Heidger,c.heidger@hszg.de,Dörnchen-Neumann,
157900,,Ausgewählte Aspekte der technischen Umweltmikrobiologie,Biotechnologie und Angewandte Ökologie,,,,,,,Master,HSZG,Deutsch,3,0,0,0,0,0,3,0,0,0,0,0,"6,0",180,90,6,0,1,0,0,0,0,"0,3","0,5",0,0,"0,2",0,0,0,0,0,0,0,0,1,0,,Kayser,kayser@ihi-zittau.de,0,
158750,,Bodenökologie,Biotechnologie und Angewandte Ökologie,,,,,,,Master,HSZG,Deutsch,2,0,0,0,0,0,"1,5",0,0,0,0,0,"3,5",90,"37,5",3,0,0,0,0,0,0,0,"0,75",0,0,0,0,0,0,0,0,"0,25",0,0,1,0,,Hofrichter,hofrichter@ihi-zittau.de,0,
106780,,Angewandte Pflanzenökologie,Biotechnologie und Angewandte Ökologie,,,,,,,Master,HSZG,Deutsch,4,0,0,0,1,0,1,0,0,0,0,0,"6,0",300,210,10,1,0,0,0,0,0,1,0,0,0,0,0,0,0,0,0,0,0,0,1,0,,Heidger,c.heidger@hszg.de,Dörnchen-Neumann,
158200,,Pflanzliche Biotechnologie,Biotechnologie und Angewandte Ökologie,,,,,,,Master,HSZG,Deutsch,4,0,0,0,0,0,2,0,0,0,0,0,"6,0",150,60,5,0,0,0,0,0,0,"0,5","0,3",0,0,0,0,0,0,0,0,"0,2",0,0,1,0,,"Greif, Seidler (geht in Rente)",d.greif@hszg.de seidler@ihi-zittau.de,0,Seidler geht in Rente
185400,,Simulation von Umweltsystemen,Biotechnologie und Angewandte Ökologie,Angewandte Mathematik,Biomathematik,,,,,Master,HSZG,Deutsch,"2,5",0,0,0,"0,5",0,1,0,0,0,0,0,"4,0",150,90,5,0,0,0,0,0,0,0,0,0,0,1,0,0,0,0,0,0,0,0,1,0,,Kästner,w.kaestner@hszg.de,0,
158800,,Biotechnik,Biotechnologie und Angewandte Ökologie,,,,,,,Master,HSZG,Deutsch,"2,5",0,0,0,"0,5",0,2,0,0,0,0,0,"5,0",150,75,5,0,0,0,0,0,0,0,"0,7",0,0,0,0,0,0,0,0,"0,3",0,0,1,0,,Hofrichter,,0,
158700,,Populationsgenetik,Biotechnologie und Angewandte Ökologie,,,,,,,Master,HSZG,Deutsch,0,0,0,0,"0,5",0,"3,5",0,0,0,0,0,"4,0",180,120,6,0,0,0,0,0,0,"0,6",0,0,0,0,0,0,0,0,0,"0,4",0,0,1,0,,Heidger,c.heidger@hszg.de,Dörnchen-Neumann,
106030,,Toxikologie,Biotechnologie und Angewandte Ökologie,Molekulare Biotechnologie,,,,,,Master,HSZG,Deutsch,4,0,0,0,0,0,0,0,0,0,0,0,"4,0",150,90,5,0,0,0,0,0,0,"0,7",0,0,0,"0,3",0,0,0,0,0,0,0,0,1,1,,Gey,m.gey@hszg.de,0,
157500,,Ökologische Biochemie,Biotechnologie und Angewandte Ökologie,,,,,,,Master,HSZG,Deutsch,2,0,0,0,0,0,0,0,0,0,0,0,"2,0",90,60,3,0,0,0,0,0,0,0,0,1,0,0,0,0,0,0,0,0,0,0,1,0,,Heidger,c.heidger@hszg.de,0,
157550,,Wissenschaftliche Probleme aus der Praxis,Biotechnologie und Angewandte Ökologie,,,,,,,Master,HSZG,Deutsch,0,0,0,0,0,0,6,0,0,0,0,0,"6,0",240,150,8,0,0,0,0,0,0,0,0,1,0,0,0,0,0,0,0,0,0,0,1,0,,"Hofrichter, Heidger, Fränzle, Kayser, Seidler, Liers, Ullrich ",hofrichter@ihi-zittau.de,0,
106610,,Allgemeine Ökologie,Biotechnologie und Angewandte Ökologie,Ökologie und Umweltschutz,,,,,,Master,HSZG,Deutsch,4,0,0,0,0,0,0,0,0,0,0,0,"4,0",120,60,4,,0,0,0,0,0,1,0,0,0,0,0,0,0,0,0,0,0,0,1,0,,Heidger,c.heidger@hszg.de,Dörnchen-Neumann,@PVL Referat '158500-VR als Prüfungszulassung??'
157850,,Spezielle Aspekte der Botanik,Biotechnologie und Angewandte Ökologie,,,,,,,Master,HSZG,Deutsch,1,0,0,0,2,0,1,0,0,0,0,0,"4,0",120,60,4,0,1,0,0,0,0,1,0,0,0,0,0,0,0,0,0,0,0,0,0,1,,Seidler ,seidler@ihi-zittau.de,0,geht in Rente
158100,,Umweltsysteme,Biotechnologie und Angewandte Ökologie,,,,,,,Master,HSZG,Deutsch,6,0,0,0,0,0,0,0,0,0,0,0,"6,0",180,90,6,0,0,0,0,0,0,"0,25","0,75",0,0,0,0,0,0,0,0,0,0,0,0,1,,Seidler ,seidler@ihi-zittau.de,0,geht in Rente
158150,,Modellierung dynamischer Systeme,Biotechnologie und Angewandte Ökologie,,,,,,,Master,HSZG,Deutsch,0,0,0,0,2,0,1,0,0,0,0,0,"3,0",90,45,3,0,0,0,0,0,0,1,0,0,0,0,0,0,0,0,0,0,0,0,0,1,,Kästner,w.kaestner@hszg.de,0,
157950,,Umwelt- und Bioanalytik,Biotechnologie und Angewandte Ökologie,,,,,,,Master,HSZG,Deutsch,2,0,0,0,0,0,2,0,0,0,0,0,"4,0",150,90,5,0,0,0,0,0,0,0,"0,75",0,0,0,0,0,0,0,0,"0,25",0,0,1,0,,"Hofrichter, Fränzle",hofrichter@ihi-zittau.de fraenzle@ihi-zittau.de,0,
158000,,Theorie und Praxis wissenschaftlichen Arbeitens,Biotechnologie und Angewandte Ökologie,,,,,,,Master,HSZG,Deutsch,"0,5",0,0,0,"2,5",0,0,0,0,0,0,0,"3,0",120,75,4,0,0,0,0,0,0,0,0,0,0,1,0,0,0,0,0,0,0,0,1,0,,Hofrichter,hofrichter@ihi-zittau.de,0,@PL Belegarbeit '(2 Versch. PB)'
158300,,Aquatische Aufbereitungstechnik,Biotechnologie und Angewandte Ökologie,,,,,,,Master,HSZG,Deutsch,2,0,0,0,0,0,2,0,0,0,0,0,"4,0",120,60,4,0,0,0,0,0,0,0,"0,75",0,0,0,0,0,0,0,0,"0,25",0,0,0,1,,Kayser,kayser@ihi-zittau.de,0,
158450,,Umweltbiotechnologie,Biotechnologie und Angewandte Ökologie,,,,,,,Master,HSZG,Deutsch,"2,5",0,0,0,"0,5",0,0,0,0,0,0,0,"3,0",90,45,3,0,0,0,0,0,0,0,1,0,0,0,0,0,0,0,0,0,0,0,1,0,,"Hofrichter, Wanner",hofrichter@ihi-zittau.de,0,
BIO-MA B1,,Phylogenie und Evolution,Biologie,,,,,,,Master,TUD,Deutsch,4,0,0,0,0,0,0,0,0,0,0,0,"4,0",180,120,6,0,0,0,0,0,0,1,0,0,0,0,0,0,0,0,0,0,,,1,1,2,Neinhus,christoph.neinhuis@tu-dresden.de,0,"gelb: 1 Tag  ~ 0,5 SWS"
BIO-MA B2,,Mikroorganismen/Pflanzen Interaktionen,Biologie,,,,,,,Master,TUD,Deutsch,3,0,0,0,0,0,0,0,0,0,0,0,"3,0",150,105,5,0,0,0,0,0,0,1,0,0,0,0,0,0,0,0,0,0,,,1,1,2,Ludwig-Müller,jutta.ludwig-mueller@tu-dresden.de,0,
BIO-MA B3,,Biogeographie,Biologie,,,,,,,Master,TUD,Deutsch,4,0,0,0,0,0,0,0,0,0,0,0,"4,0",180,120,6,0,0,0,0,0,0,1,0,0,0,0,0,0,0,0,0,0,,,1,0,2,Entzeroth,rudolf.entzeroth@tu-dresden.de,0,"Ohne Genetik: BIO-MA G1, G11 - 17 . Ohne Mikrobiologie: BIO-MA M1 - M20. Ohne BIO-MA F11, BIO-MA O1 - 04, BIO-MA O11, O12, O13, O14, O151, O16,  O21, O31, O51. BIO-MA A1, A2"
BIO-MA B12,,Biologie und Ökologie der Moose,Biologie,,,,,,,Master,TUD,Deutsch,0,0,0,1,0,0,4,0,0,0,0,0,"5,0",150,75,5,0,0,0,0,0,0,0,0,0,0,0,0,0,1,0,0,0,,,1,0,1,F. Müller,Frank.Mueller@tu-dresden.de,0,
BIO-MA B13,,Vegetationskundliche Pflanzensoziologie,Biologie,,,,,,,Master,TUD,Deutsch,0,0,0,1,0,0,4,0,0,0,0,0,"5,0",150,75,5,0,0,0,0,0,0,0,0,0,0,0,0,0,1,0,0,0,,,0,1,1,F. Müller,Frank.Mueller@tu-dresden.de,0,
BIO-MA B14,,Ausbreitungsbiologie: Früchte und Samen,Biologie,,,,,,,Master,TUD,Deutsch,0,0,0,1,0,0,4,0,0,0,0,0,"5,0",150,75,5,0,0,0,0,1,0,1,0,0,0,0,0,0,0,0,0,0,,,1,0,1,Barbara Ditsch,bot.garten@tu-dresden.de,0,
BIO-MA B15,,Rasterelektronenmikroskopie,Biologie,,,,,,,Master,TUD,Deutsch,0,0,0,1,0,0,4,0,0,0,0,0,"5,0",150,75,5,0,0,0,0,0,0,0,0,0,0,0,0,0,1,0,0,0,,,1,0,1,Neinhus,christoph.neinhuis@tu-dresden.de,0,
BIO-MA B16,,Phyloinformatik,Biologie,,,,,,,Master,TUD,Deutsch,0,0,0,1,0,0,4,0,0,0,0,0,"5,0",150,75,5,0,0,0,0,0,0,0,0,0,0,0,0,0,1,0,0,0,,,1,0,1,Wanke,stefan.wanke@tu-dresden.de,0,
BIO-MA B17,,Phytopathologie,Biologie,,,,,,,Master,TUD,Deutsch,0,0,0,1,0,0,4,0,0,0,0,0,"5,0",150,75,5,0,0,0,0,1,0,0,0,1,0,0,0,0,0,0,0,0,,,0,1,1,Ludwig-Müller,jutta.ludwig-mueller@tu-dresden.de,0,
BIO-MA B18,,Exkursion Botanik,Biologie,,,,,,,Master,TUD,Deutsch,0,0,0,1,0,0,0,"2,5",0,0,0,0,"3,5",180,"127,5",6,0,0,0,0,0,0,0,0,0,0,0,0,0,1,0,0,0,,,0,1,1,F. Müller,Frank.Mueller@tu-dresden.de,0,
BIO-MA B19,,Exkursion Zoologie,Biologie,,,,,,,Master,TUD,Deutsch,0,0,0,1,0,0,0,"2,5",0,0,0,0,"3,5",180,"127,5",6,0,0,0,0,0,0,0,0,0,0,0,0,0,1,0,0,0,,,0,1,1,Entzeroth,rudolf.entzeroth@tu-dresden.de,0,
BIO-MA B20,,Blütenbiologie,Biologie,,,,,,,Master,TUD,Deutsch,0,0,0,1,0,0,4,0,0,0,0,0,"5,0",150,75,5,0,0,0,0,1,0,1,0,0,0,0,0,0,0,0,0,0,,,0,1,1,Barbara Ditsch,bot.garten@tu-dresden.de,0,
BIO-MA B21,,Nutzpflanzen der Erde,Biologie,,,,,,,Master,TUD,Deutsch,0,0,0,1,0,0,4,0,0,0,0,0,"5,0",150,75,5,0,0,0,0,0,0,0,0,1,0,0,0,0,1,0,0,0,,,0,1,1,Neinhus,christoph.neinhuis@tu-dresden.de,0,
BIO-MA B22,,Biodiversität und Evolution - vom Werden und Vergehen der Pflanzenarten,Biologie,,,,,,,Master,TUD,Deutsch,0,0,0,1,0,0,4,0,0,0,0,0,"5,0",150,75,5,0,0,0,0,0,0,0,0,1,0,0,0,0,1,0,0,0,,,1,0,1,Neinhus,christoph.neinhuis@tu-dresden.de,0,
BIO-MA Z1,,Physiologie,Biologie,,,,,,,Master,TUD,Deutsch,4,0,0,1,0,0,0,0,0,0,0,0,"5,0",210,135,7,0,0,0,0,0,0,1,0,0,0,0,0,0,0,0,0,0,,,1,0,1,Vollmer,guenter.vollmer@tu-dresden.de,0,
BIO-MA Z2,,Zelluläre Interaktion,Biologie,,,,,,,Master,TUD,Deutsch,4,0,0,0,0,0,0,0,0,0,0,0,"4,0",180,120,6,0,0,0,0,0,0,1,0,0,0,0,0,0,0,0,0,0,,,0,1,1,Entzeroth,rudolf.entzeroth@tu-dresden.de,0,
BIO-MA Z3,,Entwicklungsbiologie,Biologie,,,,,,,Master,TUD,Deutsch,4,0,0,0,0,0,0,0,0,0,0,0,"4,0",180,120,6,0,0,0,0,0,0,1,0,0,0,0,0,0,0,0,0,0,,,1,0,1,Gutzeit,herwig.gutzeit@tu-dresden.de,,
BIO-MA Z11,,Reproduktionsbiologie,Biologie,,,,,,,Master,TUD,Deutsch,0,0,0,1,0,0,4,0,0,0,0,0,"5,0",150,75,5,0,0,0,0,0,0,1,0,0,0,0,0,0,1,0,0,0,,,0,1,1,Gutzeit,herwig.gutzeit@tu-dresden.de,,
BIO-MA Z12,,Pflanzliche Entwicklung,Biologie,,,,,,,Master,TUD,Deutsch,0,0,0,1,0,0,4,0,0,0,0,0,"5,0",150,75,5,0,0,0,0,0,0,0,0,1,0,0,0,0,1,0,0,0,,,1,0,1,Ludwig-Müller,jutta.ludwig-mueller@tu-dresden.de,,
BIO-MA Z13,,Wirkung von Naturstoffen,Biologie,,,,,,,Master,TUD,Deutsch,0,0,0,1,0,0,4,0,0,0,0,0,"5,0",150,75,5,0,0,0,0,0,0,0,0,1,0,0,0,0,1,0,0,0,,,1,0,1,Gutzeit,herwig.gutzeit@tu-dresden.de,,
BIO-MA Z14,,Wirkung hormoneller Substanzen,Biologie,,,,,,,Master,TUD,Deutsch,0,0,0,1,0,0,4,0,0,0,0,0,"5,0",150,75,5,0,0,0,0,0,0,0,1,0,0,0,0,0,1,0,0,0,,,1,0,1,Vollmer,guenter.vollmer@tu-dresden.de,,
BIO-MA Z15,,Praktikum Entwicklungsbiologie,Biologie,,,,,,,Master,TUD,Deutsch,0,0,0,1,0,0,4,0,0,0,0,0,"5,0",150,75,5,0,0,0,0,0,0,1,0,0,0,0,0,0,1,0,0,0,,,0,1,1,Gutzeit,herwig.gutzeit@tu-dresden.de,,
BIO-MA Z16,,Parasit-Wirtsbeziehung,Biologie,,,,,,,Master,TUD,Deutsch,0,0,0,1,0,0,4,0,0,0,0,0,"5,0",150,75,5,0,0,0,0,0,0,1,0,0,0,0,0,0,1,0,0,0,,,0,1,1,Entzeroth,rudolf.entzeroth@tu-dresden.de,,
BIO-MA Z17,,Parasiten in Geweben,Biologie,,,,,,,Master,TUD,Deutsch,0,0,0,1,0,0,4,0,0,0,0,0,"5,0",150,75,5,0,0,0,0,0,0,1,0,0,0,0,0,0,1,0,0,0,,,1,0,1,Entzeroth,rudolf.entzeroth@tu-dresden.de,,
BIO-MA Z18,,Zellkommunikation,Biologie,,,,,,,Master,TUD,Deutsch,0,0,0,1,0,0,4,0,0,0,0,0,"5,0",150,75,5,0,0,0,0,0,0,0,1,0,0,0,0,0,1,0,0,0,,,0,1,1,Vollmer,guenter.vollmer@tu-dresden.de,,
BIO-MA Z19,,Apoptose,Biologie,,,,,,,Master,TUD,Deutsch,0,0,0,1,0,0,4,0,0,0,0,0,"5,0",150,75,5,0,0,0,0,0,0,0,1,0,0,0,0,0,1,0,0,0,,,0,1,1,Vollmer,guenter.vollmer@tu-dresden.de,,
BIO-MA O8,,Evolution der Insekten,Biologie,,,,,,,Master,TUD,Deutsch,2,0,0,0,0,0,0,0,0,0,0,0,"2,0",90,60,3,0,0,0,0,0,0,1,0,0,0,0,0,0,0,0,0,0,,,1,0,1,M. Nuß,matthias.nuss@senckenberg.de,,
BIO-MA O9,,Hydrobiologie,Biologie,,,,,,,Master,TUD,Deutsch,2,0,4,0,0,0,0,0,0,0,0,0,"6,0",240,150,8,0,0,0,0,0,0,1,0,0,0,0,0,0,1,0,0,0,,,1,1,2,Berendonk,thomas.berendonk@tu-dresden.de,,
BIO-MA O10,,Genetik und Zellbiologie der Entwicklung,Biologie,,,,,,,Master,TUD,Englisch,2,0,0,0,0,0,0,0,0,0,0,0,"2,0",90,60,3,0,0,0,1,0,0,0,0,0,0,0,0,0,0,0,0,0,,,0,1,1,Brand,michael.brand@biotec.tu-dresden.de,,
BIO-MA O101,,Molekulare Entwicklungsbiologie der Invertebraten,Biologie,,,,,,,Master,TUD,Englisch,1,0,0,1,0,0,4,0,0,0,0,0,"6,0",180,90,6,0,0,0,0,0,0,0,0,1,0,0,0,0,1,0,0,0,,,1,0,1,Brand,michael.brand@biotec.tu-dresden.de,,
BIO-MA O102,,Molekulare Entwicklungsbiologie der Vertebraten,Biologie,,,,,,,Master,TUD,Englisch,1,0,0,1,0,0,4,0,0,0,0,0,"6,0",180,90,6,0,0,0,0,0,0,0,0,1,0,0,0,0,1,0,0,0,,,0,1,1,Brand,michael.brand@biotec.tu-dresden.de,,
BIO-MA O103,,Current topics in stem and developmental biology,Biologie,,,,,,,Master,TUD,Englisch,0,0,0,2,0,0,0,0,0,0,0,0,"2,0",90,60,3,0,0,0,0,0,0,0,0,1,0,0,0,0,0,0,0,0,,,1,0,1,Brand,michael.brand@biotec.tu-dresden.de,,
BIO-MA O104,,Elektronenmikroskopie von Zellen und Geweben,Biologie,,,,,,,Master,TUD,Deutsch,2,0,0,0,0,0,3,0,0,0,0,0,"5,0",180,105,6,0,0,0,0,0,0,0,0,0,0,0,0,0,1,0,0,0,,,0,1,1,T. Kurth,michaelkurth@web.de,,
BIO-MA A3,,Biologisches Zeichnen,Biologie,,,,,,,Master,TUD,Deutsch,0,0,0,1,0,0,3,0,0,0,0,0,"4,0",120,60,4,0,0,0,0,0,0,0,0,0,0,0,0,0,1,0,0,0,,,0,1,1,Bernd Schulz,bernd.schulz@mailbox.tu-dresden.de,,
LM220,Geo-MA-S3,Landschaftsplanung im Kontext zur Raum- und Fachplanung,LA,,,,,,,Master,TUD,Deutsch,0,0,4,4,0,0,0,0,0,0,0,0,"8,0",300,180,10,1,0,0,0,0,0,0,1,0,0,0,0,0,0,0,0,0,0,0,1,1,2,Catrin Schmidt,catrin.schmidt@tu-dresden.de,0,
LM240,,Ökonomie / Bau- und Planungsrecht,LA,,,,,,,Master,TUD,Deutsch,3,0,1,0,0,0,0,0,0,0,0,0,"4,0",120,60,4,0,0,0,0,0,0,"0,5",0,0,0,"0,5",0,0,0,0,0,0,0,0,0,1,1,Prof. f. Bauökonomie,Ulrike.Mickan@tu-dresden.de,0,
LM245,,Landschaftsentwicklung (Projekt),LA,,,,,,,Master,TUD,Deutsch,0,0,0,0,0,0,0,0,2,0,0,0,"2,0",120,90,4,0,0,0,0,0,0,0,0,0,0,0,0,1,0,0,0,0,0,0,1,1,1,Catrin Schmidt,catrin.schmidt@tu-dresden.de,0,
LM254,,Bauleitplanung,LA,,,,,,,Master,TUD,Deutsch,2,0,2,0,0,0,0,0,0,0,0,0,"4,0",120,60,4,0,0,0,0,0,0,0,1,0,0,0,0,0,0,0,0,0,0,0,0,1,1,Wolfgang Wende,W.Wende@ioer.de,0,
LM257,,Raumordnung für Landschaftsarchitekten,LA,,,,,,,Master,TUD,Deutsch,3,0,0,0,0,0,0,0,0,0,0,0,"3,0",120,75,4,0,0,0,0,0,0,1,0,0,0,0,0,0,0,0,0,0,0,0,1,1,2,Weitkamp,landmanagement@mailbox.tu-dresden.de,0,
LM261,,Landschaftsklima,LA,,,,,,,Master,TUD,Deutsch,1,0,0,"0,5",0,0,"0,5",0,0,0,0,0,"2,0",150,120,5,0,0,0,0,0,0,"0,7",0,0,0,0,0,0,"0,3",0,0,0,0,0,0,1,1,Bernhofer,christian.bernhofer@tu-dresden.de,0,
LM262,FOMF 19,Bodenschutz,LA,Forstwissenschaften,,,,,,Master,TUD,Deutsch,2,0,1,1,0,0,0,0,0,0,0,0,"4,0",150,90,5,0,0,0,0,0,0,"0,5",0,"0,5",0,0,0,0,0,0,0,0,0,0,0,1,1,Kalbitz,karsten.kalbitz@tu-dresden.de,0,
LM263,UWMRN 2.12,"Umweltbelastungen: Prophylaxe, Sanierung, Bewertung",LA,,,,,,,Master,TUD,Deutsch,4,0,0,0,0,0,0,"0,5",0,0,0,0,"4,5",150,"82,5",5,0,0,0,0,0,0,1,0,0,0,0,0,0,0,0,0,0,0,0,0,1,1,Fischer,axel_rene.fischer@tu-dresden.de,0,
LM264,FOMF 16,Management und Monitoring in Schutzgebieten,LA,Forstwissenschaften,,,,,,Master,TUD,Deutsch,1,0,1,1,0,0,0,1,0,0,0,0,"4,0",150,90,5,0,0,0,0,0,0,0,"0,6","0,4",0,0,0,0,0,0,0,0,0,0,0,1,1,v.Oheimb,Goddert_v_Oheimb@tu-dresden.de,0,
LM265,,Waldbau für Landschaftsarchitekten,LA,,,,,,,Master,TUD,Deutsch,2,0,0,0,0,0,0,"0,25",0,0,0,0,"2,3",120,"86,25",4,0,0,0,0,0,0,1,0,0,0,0,0,0,0,0,0,0,0,0,0,1,1,Wagner,holger.fischer@forst.tu-dresden.de,0,
LM266,,Wasserbauten - Elemente der Kulturlandschaft,LA,,,,,,,Master,TUD,Deutsch,2,0,1,0,0,0,0,0,0,0,0,0,"3,0",120,75,4,0,0,0,0,0,0,1,0,0,0,0,0,0,0,0,0,0,0,0,0,1,1,Stamm,Juergen.Stamm@tu-dresden.de,0,
LM267,,Bestimmungsübungen und Exkursionen Zoologie,LA,,,,,,,Master,TUD,Deutsch,0,0,0,0,0,0,4,2,0,0,0,0,"6,0",120,30,4,0,0,0,0,0,0,1,0,0,0,0,0,0,0,0,0,0,0,0,0,1,1,Rudolf Entzeroth,rudolf.entzeroth@tu-dresden.de,0,
LM274,,IKT 4 - Anwendung von Informations- und Kommunikationstechnologien,LA,,,,,,,Master,TUD,Deutsch,1,0,0,0,3,0,0,0,0,0,0,0,"4,0",120,60,4,0,0,0,0,0,0,0,0,0,0,0,1,0,0,0,0,0,0,0,0,1,1,Silke Molch,silke.molch@tu-dresden.de,0,
LM275,,Fernerkundung,LA,,,,,,,Master,TUD,Deutsch/Englisch,2,0,0,2,0,0,0,0,0,0,0,0,"4,0",150,90,5,0,0,0,0,0,0,"0,7",0,0,0,"0,3",0,0,0,0,0,0,0,0,0,1,1,E. Csaplovics,csaplovi@rcs.urz.tu-dresden.de,0,
LM351,FOMF 05,Internationale Prozesse zum Schutz und zur nachhaltigen Bewirtschaftung von Wäldern,LA,Forstwissenschaften,,,,,,Master,TUD,Deutsch,3,0,0,1,0,0,0,0,0,0,0,0,"4,0",150,90,5,0,0,0,0,0,0,0,0,0,0,0,0,0,0,0,0,0,0,0,0,0,1,Weber,nweber@forst.tu-dresden.de,0,
LM352,FOMF 23,Stoffhaushalt terrestrischer Biogeosysteme,LA,Forstwissenschaften,,,,,,Master,TUD,Deutsch,1,0,1,1,0,0,0,1,0,0,0,0,"4,0",150,90,5,0,0,0,0,0,0,0,0,0,0,0,0,0,0,0,0,0,0,0,0,0,1,Feger,fegerkh@forst.tu-dresden.de,0,
LM355,(FOMF 10),(Forstrechtliche und Forstgeschichtliche Grundlagen),LA,Forstwissenschaften,,,,,,Master,TUD,Deutsch,2,0,0,0,0,0,2,0,0,0,0,0,4,150,90,5,0,0,0,0,0,0,0,0,0,0,0,0,0,0,0,0,0,0,0,0,0,1,Weber,nweber@forst.tu-dresden.de,,
LM356,FOBF 21,Forst- und Naturschutzpolitik,LA,Forstwissenschaften,,,,,,Master,TUD,Deutsch,3,0,1,0,0,0,0,0,0,0,0,0,"4,0",150,90,5,0,0,0,0,0,0,0,1,0,0,0,0,0,0,0,0,0,0,0,1,0,1,Weber,nweber@forst.tu-dresden.de,,
LM357,,Naturnahe Gestaltung von Fließgewässern,LA,,,,,,,Master,TUD,Deutsch,2,0,1,0,0,0,0,0,0,0,0,0,"3,0",120,75,4,0,0,0,0,0,0,1,0,0,0,0,0,0,0,0,0,0,0,0,1,0,1,Jürgen Stamm,Juergen.Stamm@tu-dresden.de,,
LM358,,Verkehrsökologie: Verkehrsökologie 1 und Verfahren der Verkehrsökologie 1,LA,Bahnsystemingenieurwesen,Wirtschaftsingenieurwesen,,,,,Master,TUD,Deutsch,4,0,0,0,0,0,0,0,0,0,0,0,"4,0",150,90,5,0,0,0,0,0,0,1,0,0,0,0,0,0,0,0,0,0,0,0,1,0,1,Udo Becker,verkehrsoekologie@tu-dresden.de,,
LM363,,IKT 5 - Anwendung von Informations- und Kommunikationstechnologien,LA,,,,,,,Master,TUD,Deutsch,1,0,0,3,0,0,0,0,0,0,0,0,"4,0",120,60,4,0,0,0,0,0,0,0,0,0,0,0,1,0,0,0,0,0,0,0,1,0,1,Silke Molch,silke.molch@tu-dresden.de,,
LM364,,Fernerkundung und Planung,LA,,,,,,,Master,TUD,Deutsch/Englisch,1,0,0,3,0,0,0,0,0,0,0,0,"4,0",120,60,4,0,0,0,0,0,0,0,0,"0,5",0,0,"0,5",0,0,0,0,0,0,0,1,0,1,E. Csaplovics,csaplovi@rcs.urz.tu-dresden.de,,
LM365,,Geodateninfrastrukturen,LA,Geographie,Hydrologie,Raumressourcen,,,,Master,TUD,Deutsch,2,0,1,0,0,0,0,0,0,0,0,0,"3,0",150,105,5,0,0,0,0,1,0,1,0,0,0,0,0,0,0,0,0,0,0,0,1,0,1,Bernard,Lars.Bernard@tu-dresden.de  ,,
UWMRN 1.1,,Raumentwicklung,RN,,,,,,,Master,TUD,Deutsch/Englisch,"3,5",1,0,3,0,1,0,0,0,0,0,0,"8,5",300,"172,5",10,0,0,0,0,0,1,0,"0,5",0,0,0,"0,5",0,0,0,0,0,0,0,1,0,1,Müller,b.mueller@ioer.de,"Janssen, Rößler",
UWMRN 1.2,,Naturressourcen,RN,,,,,,,Master,TUD,Deutsch/Englisch,"3,5",1,0,3,0,0,0,0,0,0,0,0,"7,5",300,"187,5",10,0,0,0,0,0,0,0,"0,75","0,25",0,0,0,0,0,0,0,0,0,0,1,0,1,Feger,fegerkh@forst.tu-dresden.de,"Roth, Kalbitz, Berendonk",
UWMRN 1.3,,Spezielle Methoden der Raumentwicklung,RN,,,,,,,Master,TUD,Deutsch,2,0,0,2,0,0,0,0,0,0,0,0,"4,0",150,90,5,0,0,0,0,0,0,0,0,0,0,1,0,0,0,0,0,0,0,0,0,1,1,Müller,b.mueller@ioer.de,"Knippschild, Leimbrok, Blum",
UWMRN 1.4,,Methoden Naturressourcen,RN,,,,,,,Master,TUD,Deutsch,0,0,0,0,0,0,5,0,0,0,0,0,"5,0",150,75,5,0,0,0,0,1,0,0,0,0,0,1,0,0,0,0,0,0,0,0,0,1,1,Bernhofer,christian.bernhofer@tu-dresden.de,"Roth, Feger, Kalbitz, v.Oheimb, Moderow, Brackhage",
UWMRN 1.5,,Raumentwicklungsprojekt,RN,,,,,,,Master,TUD,Deutsch/Englisch,0,0,0,0,0,0,0,0,6,0,0,0,"6,0",300,210,10,0,0,0,0,0,0,0,0,0,0,0,0,1,0,0,0,0,0,0,0,1,1,Müller,b.mueller@ioer.de,"Wende, Schiappacasse, Rößler, Otto",
UWMRN 1.6,,Naturressourcenprojekt,RN,,,,,,,Master,TUD,Deutsch,0,0,0,0,0,0,0,0,6,0,0,0,"6,0",300,210,10,0,0,0,0,0,0,0,0,0,0,0,0,1,0,0,0,0,0,0,1,0,1,Kalbitz,karsten.kalbitz@tu-dresden.de,"Feger, Bernhofer, Brackhage",
UWMRN 1.7,,Berufspraxis,RN,,,,,,,Master,TUD,Deutsch,0,0,0,0,0,0,0,0,0,0,0,0,"0,0",300,300,10,0,0,0,0,0,0,0,0,0,0,0,0,0,0,1,0,0,0,0,1,1,1,Müller,b.mueller@ioer.de,Brackhage,
UWMRN 2.1.1,,"Biologische Prozesse – Strukturen, Prinzipien und Mechanismen",RN,Forstwissenschaften (Bsc.),,,,,,Master,TUD,Deutsch,"2,5",0,0,"1,5",0,0,0,0,0,0,0,0,"4,0",150,90,5,0,0,0,0,0,0,1,0,0,0,0,0,0,0,0,0,0,0,0,1,0,1,Roloff,,"Roth, Krabel",
UWMRN 2.1.2,,Böden und Standorte,RN,Forstwissenschaften (Bsc.),,,,,,Master,TUD,Deutsch,2,0,0,2,0,0,0,0,0,0,0,0,"4,0",150,90,5,0,0,0,0,0,0,1,0,0,0,0,0,0,0,0,0,0,0,0,1,0,1,Kalbitz,karsten.kalbitz@tu-dresden.de,Feger,
UWMRN 2.1.3,,Landschaftsökologie (Grundlagen Ökologie und Umweltschutz),RN,,,,,,,Master,TUD,Deutsch,2,0,0,2,0,0,0,0,0,0,0,0,"4,0",150,90,5,0,0,0,0,0,0,"0,6",0,"0,4",0,0,0,0,0,0,0,0,0,0,1,0,1,Feger / Dudel?,,Brackhage,
UWMRN 2.1.4,,Geomorphologie und Geologie,RN,,,,,,,Master,TUD,Deutsch,3,0,0,1,0,0,0,0,0,0,0,0,"4,0",150,90,5,0,0,0,0,0,0,1,0,0,0,0,0,0,0,0,0,0,0,0,1,0,1,Kleber,arno,,
UWMRN 2.1.5,,Bevölkerungsgeographie,RN,,,,,,,Master,TUD,Deutsch,3,0,0,0,0,0,0,0,0,0,0,0,"3,0",150,105,5,0,0,0,0,0,0,1,0,0,0,0,0,0,0,0,0,0,0,0,1,0,1,Mattissek,,,
UWMRN 2.1.6,,Siedlungsgeographie,RN,,,,,,,Master,TUD,Deutsch,2,0,0,2,0,0,0,0,0,0,0,0,"4,0",150,90,5,0,0,0,0,0,0,1,0,0,0,0,0,0,0,0,0,0,0,0,1,0,1,Mattissek / Kowalke?,,,
UWMRN 2.1.7,,Fernerkundung,RN,,,,,,,Master,TUD,Deutsch,2,0,0,2,0,0,0,0,0,0,0,0,"4,0",150,90,5,0,0,0,0,0,0,1,0,0,0,0,0,0,0,0,0,0,0,0,1,0,1,Czaplovics,,,
UWMRN 2.1.8,,Hydrochemie,RN,Hydrowissenschaften (BSc.),,,,,,Master,TUD,Deutsch,2,0,0,2,0,0,0,0,0,0,0,0,"4,0",150,90,5,0,0,0,1,0,0,1,0,0,0,0,0,0,0,0,0,0,0,0,1,0,2,Worch,,,
UWMRN 2.1.9,,Grundlagen der Meteorologie und Hydrologie,RN,Hydrowissenschaften (BSc.),,,,,,Master,TUD,Deutsch,4,0,0,0,0,0,0,0,0,0,0,0,"4,0",150,90,5,0,0,0,0,0,0,1,0,0,0,0,0,0,0,0,0,0,0,0,1,0,1,Bernhofer,christian.bernhofer@tu-dresden.de,Schwarze,
UWMRN 2.1.10,,Grundlagen der Geoinfomatik,RN,Geodäsie und Geoinformation (BSc.),,,,,,Master,TUD,Deutsch,2,0,2,0,0,0,0,0,0,0,0,0,"4,0",150,90,5,0,0,1,0,0,0,1,0,0,0,0,0,0,0,0,0,0,0,0,1,0,1,Bernard,,,
UWMRN 2.2,,Internationale Raumentwicklung und Regionalmanagement,RN,,,,,,,Master,TUD,Deutsch,2,0,0,2,0,0,0,0,0,0,0,0,"4,0",150,90,5,0,0,0,0,0,0,"0,5",0,0,0,0,"0,5",0,0,0,0,0,0,0,0,1,1,Müller,b.mueller@ioer.de,"Schiappacasse, Egermann, Wirth",
UWMRN 2.3,,Umweltentwicklung,RN,,,,,,,Master,TUD,Deutsch,2,0,0,2,0,0,0,0,0,0,0,0,"4,0",150,90,5,0,0,0,0,0,0,"0,5",0,0,0,0,"0,5",0,0,0,0,0,0,0,0,1,1,Schanze,,,
UWMRN 2.4,,Integrierte Verkehrsplanung,RN,,,,,,,Master,TUD,Deutsch,2,0,0,2,0,0,0,0,0,0,0,0,"4,0",150,90,5,0,0,0,0,0,0,0,"0,5","0,5",0,0,0,0,0,0,0,0,0,0,0,1,1,Ahrens,,Becker,
UWMRN 2.5,,Landschafts- und Freiraumplanung,RN,,,,,,,Master,TUD,Deutsch,2,0,0,2,0,0,0,0,0,0,0,0,"4,0",150,90,5,0,0,0,0,0,0,"0,5",0,0,0,0,"0,5",0,0,0,0,0,0,0,1,0,1,C. Schmidt,,Wende,
UWMRN 2.6,,Naturressourcenmanagement aus wirtschafts- und politikwissenschaftlicher Perspektive,RN,,,,,,,Master,TUD,Deutsch,2,0,0,2,0,0,0,0,0,0,0,0,"4,0",150,90,5,0,0,0,0,0,0,"0,5",0,"0,5",0,0,0,0,0,0,0,0,0,0,1,0,1,Weber,,,
UWMRN 2.7,,Ökologischer und revitalisierender Stadtumbau,RN,,,,,,,Master,TUD,Deutsch,2,0,0,2,0,0,0,0,0,0,0,0,"4,0",150,90,5,0,0,0,0,0,0,0,0,0,0,1,0,0,0,0,0,0,0,0,1,0,1,Prof. für Ökol.u.Revital.,,,
UWMRN 2.8,,Klimaschutz,RN,,,,,,,Master,TUD,Deutsch,2,0,0,2,0,0,0,"0,5",0,0,0,0,"4,5",150,"82,5",5,0,0,0,0,0,0,"0,5",0,"0,5",0,0,0,0,0,0,0,0,0,0,1,0,1,Bernhofer,christian.bernhofer@tu-dresden.de,,
UWMRN 2.9,FOMF 20,Landschaftswasserhaushalt,RN,Forstwissenschaften (Master),Hydrologie (Master),,,,,Master,TUD,Deutsch,1,0,1,1,0,0,0,2,0,0,0,0,"5,0",150,75,5,0,0,0,0,0,0,0,"0,5","0,5",0,0,0,0,0,0,0,0,0,0,0,1,1,Feger,"Bernhofer, Julich, Spank",,
UWMRN 2.10,,Geomorphologische Risiken,RN,,,,,,,Master,TUD,Deutsch,2,0,0,2,0,0,0,0,0,0,0,0,"4,0",150,90,5,0,0,0,0,0,0,"0,5",0,"0,5",0,0,0,0,0,0,0,0,0,0,1,0,1,Kleber,,,
UWMRN 2.11,,Bodenschutz,RN,,,,,,,Master,TUD,Deutsch,2,0,2,0,0,0,0,"1,5",0,0,0,0,"5,5",150,"67,5",5,0,0,0,0,0,0,"0,5",0,"0,5",0,0,0,0,0,0,0,0,0,0,0,1,1,Kalbitz,karsten.kalbitz@tu-dresden.de,,
UWMRN 2.12,,"Umweltbelastungen: Prophylaxe, Sanierung und Bewertung",RN,,,,,,,Master,TUD,Deutsch,4,0,0,0,0,0,0,"0,5",0,0,0,0,"4,5",150,"82,5",5,0,0,0,0,0,0,1,0,0,0,0,0,0,0,0,0,0,0,0,0,1,1,Fischer,axel_rene.fischer@tu-dresden.de,"Wünsch, Brackhage",
UWMRN 2.13,,Biodiversität und Naturschutz,RN,,,,,,,Master,TUD,Deutsch,3,0,1,1,0,0,0,1,0,0,0,0,"6,0",150,60,5,0,0,0,0,0,0,0,"0,7","0,3",0,0,0,0,0,0,0,0,0,0,0,1,1,v.Oheimb,,Dittrich,
UWMRN 2.14,,Vertiefende Berufspraxis,RN,,,,,,,Master,TUD,Deutsch,0,0,0,0,0,0,0,0,0,0,0,0,"0,0",150,150,5,0,0,0,0,0,0,0,0,0,0,1,0,0,0,0,0,0,0,0,1,1,1,Studiengangskoord.,,Brackhage,
Geo-MA-K1,,Integrative geographische Konzepte,Geographie,,,,,,,Master,TUD,Deutsch,0,2,0,2,0,0,0,0,0,0,0,0,"4,0",270,210,9,1,0,0,0,0,0,0,1,0,0,0,0,0,0,0,0,0,0,0,1,0,,Mattissek,annika.mattissek@tu-dresden.de,0,"gelb: 1 Tag  ~ 0,5 SWS"
Geo-MA-K2,,Umweltrisiken,Geographie,,,,,,,Master,TUD,Deutsch,3,0,0,2,0,0,0,0,0,0,0,0,"5,0",240,165,8,0,0,0,0,0,0,"0,5",0,0,0,0,0,"0,5",0,0,0,0,0,0,1,0,,Kleber,arno.kleber@tu-dresden.de,0,
Geo-MA-K3,,Wirtschaftlicher Strukturwandel,Geographie,,,,,,,Master,TUD,Deutsch,2,0,0,2,0,0,0,0,0,0,0,0,"4,0",240,180,8,0,0,0,0,0,0,0,0,0,0,0,1,0,0,0,0,0,0,0,1,0,,Mattissek,annika.mattissek@tu-dresden.de,0,*Kowalke ist schon in Pension
Geo-MA-K4,,Geodateninfrastrukturen,Geographie,,,,,,,Master,TUD,Deutsch,2,0,1,0,0,0,0,0,0,0,0,0,"3,0",150,105,5,0,0,1,0,0,0,1,0,0,0,0,0,0,0,0,0,0,0,0,1,0,,Bernard,Lars.Bernard@tu-dresden.de  ,0,
Geo-MA-K5,,Geographische Fernerkundung,Geographie,,,,,,,Master,TUD,Deutsch,2,0,0,2,0,0,0,0,0,0,0,0,"4,0",150,90,5,0,0,0,0,0,0,0,0,0,0,0,1,0,0,0,0,0,0,0,1,0,,Csaplovics,csaplovi@rcs.urz.tu-dresden.de,0,
Geo-MA-K6,,Wandel in geographischen Räumen,Geographie,,,,,,,Master,TUD,Deutsch,2,0,0,4,0,0,0,0,0,0,0,0,"6,0",360,270,12,0,0,0,0,0,0,"0,5",0,0,0,0,"0,5",0,0,0,0,0,0,0,1,1,,*Prof. Geoökologie,Daniela.Sauer@mailbox.tu-dresden.de,0,*Umbenennung
Geo-MA-FLP,,Forschungs- und Lehrpraktikum,Geographie,,,,,,,Master,TUD,Deutsch,0,0,0,0,0,0,20,0,0,0,0,0,"20,0",300,0,10,0,0,0,0,0,0,0,0,0,0,0,0,0,0,1,0,0,0,0,1,1,,Studiendekan Geog,arno.kleber@tu-dresden.de,0,
Geo-MA-GP,,Geländepraktikum,Geographie,,,,,,,Master,TUD,Deutsch,0,0,0,2,0,0,"2,5",0,0,0,0,0,"4,5",300,"232,5",10,0,0,0,0,0,0,0,0,"0,5",0,0,0,0,"0,5",0,0,0,0,0,0,1,,*Studiendekan Geog,arno.kleber@tu-dresden.de,0,*Kowalke ist schon in Pension
Geo-MA-S1,,Sozialer und demographischer Wandel,Geographie,,,,,,,Master,TUD,Deutsch,2,0,0,2,0,0,0,0,0,0,0,0,"4,0",240,180,8,0,0,0,0,0,0,0,0,0,0,0,1,0,0,0,0,0,0,0,0,1,,Mattissek,annika.mattissek@tu-dresden.de,0,
Geo-MA-S2,,Forschungs- und Kommunikationsmethoden,Geographie,,,,,,,Master,TUD,Deutsch,0,0,0,6,0,0,0,0,0,0,0,0,"6,0",330,240,11,1,0,0,0,0,0,0,"0,33",0,0,0,0,"0,67",0,0,0,0,0,0,1,1,,Weitkamp,landmanagement@mailbox.tu-dresden.de,0,*Wiechmann in Pension
Geo-MA-S3,,Landschaftsplanung im Kontext zur Raum- und Fachplanung,Geographie,,,,,,,Master,TUD,Deutsch,0,0,0,4,0,0,0,0,0,0,0,0,"4,0",330,270,11,0,0,1,0,0,0,0,1,0,0,0,0,0,0,0,0,0,0,0,1,1,,Schmidt,Catrin.Schmidt@tu-dresden.de,0,
Geo-MA-S4,,Stadt- und Regionalmanagement,Geographie,,,,,,,Master,TUD,Deutsch,0,0,0,2,0,0,0,0,3,0,0,0,"5,0",270,195,9,0,0,0,0,0,0,0,0,0,0,0,0,1,0,0,0,0,0,0,1,0,,Weitkamp,landmanagement@mailbox.tu-dresden.de,0,*Wiechmann in Pension
Geo-MA-U1,,Dynamik des Wasserhaushalts,Geographie,,,,,,,Master,TUD,Deutsch,3,0,0,2,0,0,0,0,0,0,0,0,"5,0",240,165,8,0,0,0,0,0,0,1,0,0,0,0,0,0,0,0,0,0,0,0,0,1,,Faust,dominik.faust@tu-dresden.de,0,
Geo-MA-U2,,Climate Change,Geographie,,,,,,,Master,TUD,Deutsch/Englisch,2,0,1,0,0,0,1,0,0,0,0,0,"4,0",240,180,8,0,0,0,0,0,0,"0,3",0,0,0,0,"0,7",0,0,0,0,0,0,0,0,1,,Bernhofer,christian.bernhofer@tu-dresden.de,0,
Geo-MA-U3,,Feld- und Labormethoden,Geographie,,,,,,,Master,TUD,Deutsch,0,0,0,2,0,0,2,0,0,0,0,0,"4,0",330,270,11,0,0,0,0,0,0,0,0,0,0,0,0,1,0,0,0,0,0,0,0,1,,Faust,dominik.faust@tu-dresden.de,0,
Geo-MA-U4,,Landschaftswandel,Geographie,,,,,,,Master,TUD,Deutsch,2,0,0,2,0,0,0,0,0,0,0,0,"4,0",270,210,9,0,0,0,0,0,0,0,0,0,0,0,1,0,0,0,0,0,0,0,1,0,,*Prof. Geoökologie,Daniela.Sauer@mailbox.tu-dresden.de,0,*Umbenennung
FOMT 1.1,,Klima und Ökologie der Tropen,Tropical Forestry,,,,,,,Master,TUD,Englisch,"2,5",0,1,2,0,0,0,0,0,0,0,0,"5,5",210,"127,5",7,0,0,0,0,0,0,"0,5",0,"0,5",0,0,0,0,0,0,0,0,0,0,1,0,,Roth,mroth@forst.tu-dresden.de,,"gelb: 1 Tag  ~ 0,5 SWS"
FOMT 1.2,,Waldbezogene Entwicklungspolitik und Waldkultur,Tropical Forestry,,,,,,,Master,TUD,Englisch,"3,5",0,"1,5",2,0,0,0,0,0,0,0,0,"7,0",270,165,9,0,0,0,0,0,0,0,"0,67",0,0,0,"0,33",0,0,0,0,0,0,0,1,0,,Pretzsch,pretzsch@forst.tu-dresden.de,,
FOMT 1.3,,Urbanes Baummanagement in den Tropen,Tropical Forestry,,,,,,,Master,TUD,Englisch,3,0,"1,5",2,0,0,0,0,0,0,0,0,"6,5",240,"142,5",8,0,0,0,0,0,0,"0,67",0,0,0,0,"0,33",0,0,0,0,0,0,0,1,0,,Roloff,roloff@forst.tu-dresden.de,,
FOMT 1.4A,,Waldnutzung und Produktketten,Tropical Forestry,,,,,,,Master,TUD,Englisch,3,0,1,2,0,0,0,0,0,0,0,0,"6,0",210,120,7,0,0,0,0,0,0,"0,33","0,67",0,0,0,0,0,0,0,0,0,0,0,1,0,,Erler,erler@forst.tu-dresden.de,,
FOMT 1.4B,,Erfassung und Bewertung von Waldressourcen,Tropical Forestry,,,,,,,Master,TUD,Englisch,"2,5",0,3,0,0,0,0,0,0,0,0,0,"5,5",210,"127,5",7,0,0,0,0,0,0,"0,33",0,0,0,"0,67",0,0,0,0,0,0,0,0,1,0,,Röhle,heinz.roehle@tu-dresden.de,,
FOMT 1.5,,Ökonomie und Management von Waldressourcen,Tropical Forestry,,,,,,,Master,TUD,Englisch,2,0,2,"1,5",0,0,0,0,0,0,0,0,"5,5",210,"127,5",7,0,0,0,0,0,0,1,0,0,0,0,0,0,0,0,0,0,0,0,0,1,,Deegen,deegen@forst.tu-dresden.de,,
FOMT 1.6,,Organisation und Betriebssysteme,Tropical Forestry,,,,,,,Master,TUD,Englisch,2,0,"0,5",2,0,0,0,"1,5",0,0,0,0,"6,0",240,150,8,0,0,0,0,0,0,0,"0,67",0,0,0,"0,33",0,0,0,0,0,0,0,0,1,,Pretzsch,pretzsch@forst.tu-dresden.de,,
FOMT 1.7,,Management von Vegetation und Boden in Wassereinzugsgebieten,Tropical Forestry,,,,,,,Master,TUD,Englisch,2,0,0,2,0,0,0,"0,5","1,5",0,0,0,"6,0",210,120,7,0,0,0,0,0,0,0,0,0,0,0,"0,67","0,33",0,0,0,0,0,0,0,1,,Feger,fegerkh@forst.tu-dresden.de,,
FOMT 1.8A,,Waldbau und Schutz der Biodiversität im Naturwald der Tropen,Tropical Forestry,,,,,,,Master,TUD,Englisch,3,0,"1,5",2,0,0,0,0,0,0,0,0,"6,5",210,"112,5",7,0,0,0,0,0,0,0,"0,67",0,0,0,"0,33",0,0,0,0,0,0,0,0,1,,Wagner,wagner@forst.tu-dresden.de,,
FOMT 1.8B,,Waldbau in Forstplantagen und Agroforstwirtschaft in den Tropen,Tropical Forestry,,,,,,,Master,TUD,Englisch,3,0,"1,5",2,0,0,0,0,0,0,0,0,"6,5",210,"112,5",7,0,0,0,0,0,0,0,"0,67",0,0,0,"0,33",0,0,0,0,0,0,0,0,1,,Pretzsch,pretzsch@forst.tu-dresden.de,,
FOMT 2.1,,Entwurf und Planung der Forschung,Tropical Forestry,,,,,,,Master,TUD,Englisch,4,0,0,3,0,1,0,0,0,0,0,0,"8,0",300,180,10,0,0,0,0,0,0,0,0,0,0,"0,33",0,0,0,0,0,0,"0,67",0,1,0,,Pretzsch,pretzsch@forst.tu-dresden.de,,
FOMT 2.2,,Planung auf Projekt und Landschaftsebene,Tropical Forestry,,,,,,,Master,TUD,Englisch,3,0,0,2,0,0,0,0,"1,5",0,0,0,"6,5",240,"142,5",8,0,0,0,0,0,0,"0,67",0,0,0,0,0,"0,33",0,0,0,0,0,0,1,0,,Pretzsch,pretzsch@forst.tu-dresden.de,,
FOMT 2.3A,,Modellierung,Tropical Forestry,,,,,,,Master,TUD,Englisch,1,0,"1,5",0,0,0,0,0,0,0,0,1,"3,5",150,"97,5",5,0,0,0,0,0,0,0,0,"0,75",0,"0,25",0,0,0,0,0,0,0,0,1,0,,Berger,uta.berger@tu-dresden.de,,
FOMT 2.3B,,Kommunikation und Konfliktmanagement,Tropical Forestry,,,,,,,Master,TUD,Englisch,2,0,0,1,0,0,0,0,1,0,0,0,"4,0",150,90,5,0,0,0,0,0,0,"0,67",0,0,0,0,0,"0,33",0,0,0,0,0,0,1,0,,Pretzsch,pretzsch@forst.tu-dresden.de,,
FOMT 2.4A,,Managementsysteme und Renaturierung im Naturwald der Tropen,Tropical Forestry,,,,,,,Master,TUD,Englisch,3,0,"0,5",2,0,0,0,"0,5",0,0,0,0,"6,0",210,120,7,0,0,0,0,0,0,"0,67",0,0,0,0,"0,33",0,0,0,0,0,0,0,1,0,,Wagner,wagner@forst.tu-dresden.de,,
FOMT 2.4B,,Managementsysteme forstlicher Plantagen und Rehabilitation der Landschaft in den Tropen,Tropical Forestry,,,,,,,Master,TUD,Englisch,3,0,"0,5",2,0,0,0,"0,5",0,0,0,0,"6,0",210,120,7,0,0,0,0,0,0,"0,67",0,0,0,0,"0,33",0,0,0,0,0,0,0,1,0,,Pretzsch,pretzsch@forst.tu-dresden.de,,
FOMS 1.1,,Vorbereitung der Feldarbeit in den Tropen,Tropical Forestry,,,,,,,Master,TUD,Englisch,0,0,0,0,0,0,0,0,0,0,0,6,"6,0",240,150,8,0,0,0,0,0,0,0,0,0,0,"0,5",0,"0,5",0,0,0,0,0,0,1,0,,Pretzsch,pretzsch@forst.tu-dresden.de,,
FOMS 1.2,,Sommerschule,Tropical Forestry,,,,,,,Master,TUD,Englisch,0,0,0,0,0,0,0,1,5,0,0,0,"6,0",210,120,7,0,0,0,0,0,0,0,0,"0,2",0,"0,3",0,"0,5",0,0,0,0,0,0,1,0,,Pretzsch,pretzsch@forst.tu-dresden.de,,
FOMS 1.3,,Klimawandel und tropische Forstwirtschaft,Tropical Forestry,,,,,,,Master,TUD,Englisch,0,0,0,0,0,0,0,0,0,0,0,5,"5,0",210,135,7,0,0,0,0,0,0,0,0,0,0,0,0,0,0,0,0,0,0,1,0,1,,Pretzsch,pretzsch@forst.tu-dresden.de,,
FOMS 2.1,,Forschungsplanung,Tropical Forestry,,,,,,,Master,TUD,Englisch,0,0,0,4,0,0,0,0,0,0,0,4,"8,0",300,180,10,0,0,0,0,0,0,0,0,0,0,"0,2",0,0,"0,2",0,0,0,"0,6",0,1,0,,Pretzsch,pretzsch@forst.tu-dresden.de,,
FOMF 1,,"Zielorientiertes Inventurdesign auf Basis von innovativen Verfahren der Biometrie, Photogrammetrie und Geoinformatik",FoWi,,,,,,,Master,TUD,Deutsch,4,0,4,0,0,0,0,0,0,0,0,0,8,300,180,10,,,,,,,,,,,,,,,,,,,,,,,Berger,uta.berger@tu-dresden.de,"Bernard, Bitter, Maas ",
FOMF 2,,Betriebsplanung und Betriebsführung im Zuge einer funktionsorientierten Waldbewirtschaftung,FoWi,,,,,,,Master,TUD,Deutsch,4,0,0,0,0,0,2,2,0,0,0,0,8,300,180,10,,,,,,,,,,,,,,,,,,,,,,,Wagner ,wagner@forst.tu-dresden.de,Bitter ,
FOMF 3,,Ökonomik der Waldressourcen,FoWi,,,,,,,Master,TUD,Deutsch,2,0,1,1,0,0,0,0,0,0,0,0,4,150,90,5,,,,,,,,,,,,,,,,,,,,,,,Deegen ,deegen@forst.tu-dresden.de,"Hostettler, Scheliha ",
FOMF 4,,Einführung in die Modellierung und Anwendung eines forstlichen Simulationsprogrammes,FoWi,,,,,,,Master,TUD,Deutsch,1,0,1,2,0,0,0,0,0,0,0,0,4,150,90,5,,,,,,,,,,,,,,,,,,,,,,,Röhle ,heinz.roehle@tu-dresden.de,Berger ,
FOMF 5,,Internationale Prozesse zum Schutz und zur nachhaltigen Bewirtschaftung von Wäldern,FoWi,,,,,,,Master,TUD,Deutsch,3,0,0,1,0,0,0,0,0,0,0,0,4,150,90,5,,,,,,,,,,,,,,,,,,,,,,,Weber ,nweber@forst.tu-dresden.de,"Pretzsch, Schmidt, Bemmann ",
FOMF 6,,Projektmanagement und Bewertung,FoWi,,,,,,,Master,TUD,Deutsch,2,0,1,0,0,0,1,0,0,0,0,0,4,150,90,5,,,,,,,,,,,,,,,,,,,,,,,Bitter ,abitter@rcs.urz.tu-dresden.de,Deegen  ,
FOMF 7,,Präzise Forstwirtschaft,FoWi,,,,,,,Master,TUD,Deutsch,1,0,0,1,0,0,2,0,0,0,0,0,4,150,90,5,,,,,,,,,,,,,,,,,,,,,,,Erler ,erler@forst.tu-dresden.de,Bitter ,
FOMF 8,,"Governance in der Forstwirtschaft: Staat, Markt und Netzwerke",FoWi,,,,,,,Master,TUD,Deutsch,2,0,0,2,0,0,0,0,0,0,0,0,4,150,90,5,,,,,,,,,,,,,,,,,,,,,,,Weber ,nweber@forst.tu-dresden.de,Deegen ,
FOMF 9,,Operatives und strategisches Controlling im Forstbetrieb,FoWi,,,,,,,Master,TUD,Deutsch,2,0,1,0,0,0,1,0,0,0,0,0,4,150,90,5,,,,,,,,,,,,,,,,,,,,,,,Bitter ,abitter@rcs.urz.tu-dresden.de,Deegen ,
FOMF 10,LM355,"Anwendungsorientierte Aspekte der Holzkunde, Holzverwertung und Holzverwendung",FoWi,,,,,,,Master,TUD,Deutsch,2,0,0,0,0,0,2,0,0,0,0,0,4,150,90,5,,,,,,,,,,,,,,,,,,,,,,,Bues ,bues@forst.tu-dresden.de ,Fischer ,
FOMF 11,,Marketing der Forst- und Holzindustrie,FoWi,,,,,,,Master,TUD,Deutsch,1,0,1,3,0,0,0,0,0,0,0,0,4,150,90,5,,,,,,,,,,,,,,,,,,,,,,,Weber ,nweber@forst.tu-dresden.de,Deegen ,
FOMF 12,FOMH12,C-Sequestration im Forst-Holz-Cluster,FoWi,,,,,,,Master,TUD,Deutsch,2,0,1,2,0,0,0,0,0,0,0,0,4,150,90,5,,,,,,,,,,,,,,,,,,,,,,,Bemmann ,albrecht.bemmann@forst.tu-dresden.de,"Bitter, Bues, Große, Pretzsch, Röhle, Weber",
FOMF 13,,Waldschutzforschung und Risikomanagementstrategien zu potentiellen Schadfaktoren in Wäldern,FoWi,,,,,,,Master,TUD,Deutsch,1,0,1,3,0,0,0,0,0,0,0,0,4,150,90,5,,,,,,,,,,,,,,,,,,,,,,,Müller ,mmueller@forst.tu-dresden.de,0,
FOMF 14,,Lebensraumgestaltung in Waldbeständen,FoWi,,,,,,,Master,TUD,Deutsch,3,0,2,0,0,0,0,0,0,0,0,0,4,150,90,5,,,,,,,,,,,,,,,,,,,,,,,"Wagner, Roth ",wagner@forst.tu-dresden.de,0,
FOMF 15,,"Seltene Gehölze – Biologie, Schutz und Management",FoWi,,,,,,,Master,TUD,Deutsch,1,0,1,1,0,0,0,1,0,0,0,0,4,150,90,5,,,,,,,,,,,,,,,,,,,,,,,Roloff  ,roloff@forst.tu-dresden.de,"Schmidt, Wagner",
FOMF 16,,Management und Monitoring in Schutzgebieten,FoWi,,,,,,,Master,TUD,Deutsch,1,0,1,1,0,0,0,1,0,0,0,0,4,150,90,5,,,,,,,,,,,,,,,,,,,,,,,v_Oheimb,Goddert_v_Oheimb@tu-dresden.de,0,
FOMF 17,,Systemanalyse und ökologische Modellierung,FoWi,,,,,,,Master,TUD,Deutsch,1,0,3,0,0,0,0,0,0,0,0,0,4,150,90,5,,,,,,,,,,,,,,,,,,,,,,,Berger ,uta.berger@tu-dresden.de,Dudel ,
FOMF 18,,Genetik,FoWi,,,,,,,Master,TUD,Deutsch,2,0,1,1,0,0,0,0,0,0,0,0,4,150,90,5,,,,,,,,,,,,,,,,,,,,,,,Herzog ,herzog@forst.tu-dresden.de,Krabel ,
FOMF 19,,Bodenschutz,FoWi,,,,,,,Master,TUD,Deutsch,2,0,1,1,0,0,0,0,0,0,0,0,4,150,90,5,,,,,,,,,,,,,,,,,,,,,,,Kalbitz,karsten.kalbitz@tu-dresden.de,0,
FOMF 20,,Landschaftswasserhaushalt,FoWi,,,,,,,Master,TUD,Deutsch,1,0,1,1,0,0,0,1,0,0,0,0,4,150,90,5,,,,,,,,,,,,,,,,,,,,,,,Feger,fegerkh@forst.tu-dresden.de,Bernhofer,
FOMF 21,,Spezielle Umweltchemie,FoWi,,,,,,,Master,TUD,Deutsch,2,0,0,0,0,0,2,0,0,0,0,0,4,150,90,5,,,,,,,,,,,,,,,,,,,,,,,Fischer,sfischer@forst.tu-dresden.de,0,
FOMF 22,,Klimaschutz,FoWi,,,,,,,Master,TUD,Deutsch,2,0,0,2,0,0,0,"0,5",0,0,0,0,5,150,"82,5",5,,,,,,,,,,,,,,,,,,,,,,,Bernhofer,christian.bernhofer@tu-dresden.de,"Köstner, Queck",
FOMF 23,,Stoffhaushalt terrestrischer Biogeosysteme,FoWi,,,,,,,Master,TUD,Deutsch,1,0,1,1,0,0,0,1,0,0,0,0,4,150,90,5,,,,,,,,,,,,,,,,,,,,,,,Feger,fegerkh@forst.tu-dresden.de,Makeschin,
FOMF 24,,Forschungspraktikum „Forstliche Umweltsysteme im Wandel“,FoWi,,,,,,,Master,TUD,Deutsch,0,0,0,1,0,0,3,0,0,0,0,0,4,150,90,5,,,,,,,,,,,,,,,,,,,,,,,Feger,fegerkh@forst.tu-dresden.de,0,
FOMF 25,,Kommunikation,FoWi,,,,,,,Master,TUD,Deutsch,2,0,0,2,0,0,0,0,0,0,0,0,4,150,90,5,,,,,,,,,,,,,,,,,,,,,,,Pretzsch,pretzsch@forst.tu-dresden.de,"Erler, Müller, Weber",
FOMF 26,,Bäume in der Stadt – Spezifika und Management,FoWi,,,,,,,Master,TUD,Deutsch,1,0,1,1,0,0,0,1,0,0,0,0,4,150,90,5,,,,,,,,,,,,,,,,,,,,,,,Roloff,roloff@forst.tu-dresden.de,"Bues, Pretzsch, Schmidt",
FOMF 27,,Lebensraumnutzung von Wildtieren,FoWi,,,,,,,Master,TUD,Deutsch,1,0,3,0,0,0,0,0,0,0,0,0,4,150,90,5,,,,,,,,,,,,,,,,,,,,,,,Roth,mroth@forst.tu-dresden.de,Berger,
FOMF 28,UWMRN 2.12,"Umweltbelastungen: Prophylaxe, Sanierung, Bewertung",FoWi,,,,,,,Master,TUD,Deutsch,"1,5",0,0,0,0,0,"3,5",0,0,0,0,0,5,150,75,5,,,,,,,,,,,,,,,,,,,,,,,Feger,fegerkh@forst.tu-dresden.de,Werner,
FOMF 29,,Bioindikation mit Niederen Pflanzen – Methoden und Anwendung,FoWi,,,,,,,Master,TUD,Deutsch,1,0,2,0,0,0,0,1,0,0,0,0,4,150,90,5,,,,,,,,,,,,,,,,,,,,,,,Roloff,roloff@forst.tu-dresden.de,"Stetzka, Müller, Dudel",
FOMF 30,,Klimaänderungen,FoWi,,,,,,,Master,TUD,Deutsch,2,0,2,0,0,0,0,0,0,0,0,0,4,150,90,5,,,,,,,,,,,,,,,,,,,,,,,Bernhofer,christian.bernhofer@tu-dresden.de,0,
FOMF 31,UWMRN 2.6,Naturressourcenmanagement aus wirtschafts- und politikwissenschaftlicher Perspektive,FoWi,,,,,,,Master,TUD,Deutsch,2,0,0,2,0,0,0,0,0,0,0,0,4,150,90,5,,,,,,,,,,,,,,,,,,,,,,,Weber,nweber@forst.tu-dresden.de,"Deegen, Bitter",
FOMF 32,UWMRN 1.2,Naturressourcenmanagement (Biodiversität und Ökosystemfunktionen),FoWi,,,,,,,Master,TUD,Deutsch,4,0,0,4,0,0,0,0,0,0,0,0,8,300,180,10,,,,,,,,,,,,,,,,,,,,,,,Feger,fegerkh@forst.tu-dresden.de,"N.N., Makeschin, Roth",
FOMF 33,,Bodenwasser,FoWi,,,,,,,Master,TUD,Deutsch,2,0,0,2,0,0,0,0,0,0,0,0,4,150,90,5,,,,,,,,,,,,,,,,,,,,,,,Feger,fegerkh@forst.tu-dresden.de,0,
MHSE 01,,Statistics,HydroSciences & Eng,,,,,,,Master,TUD,Englisch,2,0,1,0,0,0,0,0,0,0,0,0,"3,0",150,105,5,0,0,0,0,0,0,1,0,0,0,0,0,0,0,0,0,0,,,1,0,1,Petzoldt,thomas.petzoldt@tu-dresden.de,,
MHSE 02,,Climatology and Hydrology,HydroSciences & Eng,,,,,,,Master,TUD,Englisch,4,0,0,0,0,0,0,0,0,0,0,0,"4,0",150,90,5,0,0,0,0,0,0,1,0,0,0,0,0,0,0,0,0,0,,,1,0,1,Bernhofer,christian.bernhofer@tu-dresden.de,,
MHSE 03,,Geodesy,HydroSciences & Eng,,,,,,,Master,TUD,Englisch,2,0,1,0,0,0,0,0,0,0,0,0,"3,0",150,105,5,0,0,0,0,0,0,1,0,0,0,0,0,0,0,0,0,0,,,1,0,1,Wanninger,lambert.wanninger@tu-dresden.de,,
MHSE 04,,Soils,HydroSciences & Eng,,,,,,,Master,TUD,Englisch,2,0,0,0,0,0,1,0,0,0,0,0,"3,0",150,105,5,0,0,0,0,0,0,1,0,0,0,0,0,0,0,0,0,0,,,1,0,1,Kalbitz,karsten.kalbitz@tu-dresden.de,,
MHSE 05,,Hydromechanics,HydroSciences & Eng,,,,,,,Master,TUD,Englisch,2,0,1,0,0,0,0,0,0,0,0,0,"3,0",150,105,5,0,0,0,0,0,0,1,0,0,0,0,0,0,0,0,0,0,,,1,0,1,Pohl,Reinhard.Pohl@tu-dresden.de,,
MHSE 06,,Hydraulic Engineering,HydroSciences & Eng,,,,,,,Master,TUD,Englisch,2,0,1,0,0,0,1,0,0,0,0,0,"4,0",150,90,5,0,0,1,0,0,0,1,0,0,0,0,0,0,0,0,0,0,,,1,0,1,Stamm,Juergen.Stamm@tu-dresden.de,,
MHSE 07,,Ecology,HydroSciences & Eng,,,,,,,Master,TUD,Englisch,2,0,1,0,0,0,1,0,0,0,0,0,"4,0",150,90,5,0,0,0,0,0,0,0,0,"0,25",0,"0,75",0,0,0,0,0,0,,,1,0,1,Feger,fegerkh@forst.tu-dresden.de,,
MHSE 08,,Hydrochemistry,HydroSciences & Eng,,,,,,,Master,TUD,Englisch,2,0,0,0,0,0,1,0,0,0,0,0,"3,0",150,105,5,0,0,0,0,1,0,1,0,0,0,0,0,0,0,0,0,0,,,1,0,1,Worch,Eckhard.Worch@tu-dresden.de,,
MHSE 09,,Study Project IWRM,HydroSciences & Eng,,,,,,,Master,TUD,Englisch,1,0,1,0,0,0,4,0,0,0,0,0,"6,0",300,210,10,0,0,1,0,0,0,1,0,"0,5",0,0,0,"0,5",0,0,0,0,,,0,1,1,Studiendekan,grundwasser@mailbox.tu-dresden.de,,
MWW 16,,Intergriertes Wasserressourcenmanagement (IWRM),HydroSciences & Eng,,,,,,,Master,TUD,Englisch,3,0,0,0,0,0,1,0,0,0,0,0,"4,0",150,90,5,0,0,0,0,0,0,"0,6",0,0,0,"0,4",0,0,0,0,0,0,,,0,1,1,Krebs,Peter.Krebs@tu-dresden.de,,
MHSE 10,,International Water Issues,HydroSciences & Eng,,,,,,,Master,TUD,Englisch,0,0,0,3,0,0,0,0,0,0,0,0,"3,0",150,105,5,0,0,0,0,0,0,0,0,"0,6",0,0,"0,4",0,0,0,0,0,,,0,1,1,Studiendekan,grundwasser@mailbox.tu-dresden.de,,
MHSE 11,,Circular Economy,HydroSciences & Eng,,,,,,,Master,TUD,Englisch,2,0,1,0,0,0,0,0,0,0,0,0,"3,0",150,105,5,0,0,0,0,0,0,0,0,"0,3",0,"0,7",0,0,0,0,0,0,,,0,1,1,Dornack?,abfall@mail.zih.tu-dresden.de,,Bilitewski
MHSE 12,,Watershed Management I,HydroSciences & Eng,,,,,,,Master,TUD,Englisch,2,0,1,0,0,0,0,0,0,0,0,0,"3,0",150,105,5,0,0,0,0,0,0,1,0,0,0,0,0,0,0,0,0,0,,,0,1,1,Lennartz,Franz.Lennartz@mailbox.tu-dresden.de,,
MHSE 13,,Urban Water I,HydroSciences & Eng,,,,,,,Master,TUD,Englisch,2,0,2,0,0,0,0,0,0,0,0,0,"4,0",150,90,5,0,0,0,0,0,0,1,0,0,0,0,0,0,0,0,0,0,,,0,1,1,Krebs,Peter.Krebs@tu-dresden.de,,
MHSE 14,MHYD 14,Flood Risk Management I,HydroSciences & Eng,,,,,,,Master,TUD,Englisch,2,0,2,0,0,0,0,0,0,0,0,0,"4,0",150,90,5,0,0,0,0,0,0,"0,7",0,0,0,"0,3",0,0,0,0,0,0,,,0,1,1,Bernhofer,christian.bernhofer@tu-dresden.de,,
MHSE 15,,Biotechnology,HydroSciences & Eng,,,,,,,Master,TUD,Englisch,4,0,0,0,0,0,0,0,0,0,0,0,"4,0",150,90,5,0,0,0,0,0,0,1,0,0,0,0,0,0,0,0,0,0,,,0,1,1,Fischer,axel_rene.fischer@tu-dresden.de,,
MHSE 16,,Aquatic Ecology and Ecotoxicology,HydroSciences & Eng,,,,,,,Master,TUD,Englisch,3,0,0,0,0,0,1,0,0,0,0,0,"4,0",150,90,5,0,0,0,0,0,0,"0,3",0,"0,7",0,0,0,0,0,0,0,0,,,0,1,2,Berendonk,thomas.berendonk@tu-dresden.de,,
MHSE 17,,Climate Change,HydroSciences & Eng,,,,,,,Master,TUD,Englisch,2,0,0,2,0,0,0,0,0,0,0,0,"4,0",150,90,5,0,0,0,0,0,0,0,0,"0,6",0,"0,4",0,0,0,0,0,0,,,0,1,1,Bernhofer,christian.bernhofer@tu-dresden.de,,
MHSE 18,,Soil Water,HydroSciences & Eng,,,,,,,Master,TUD,Englisch,2,0,1,0,0,0,1,0,0,0,0,0,"4,0",150,90,5,0,0,0,0,0,0,"0,7",0,0,"0,3",0,0,0,0,0,0,0,,,1,0,1,Feger,fegerkh@forst.tu-dresden.de,,
MHSE 19,,Ground Water,HydroSciences & Eng,,,,,,,Master,TUD,Englisch,2,0,1,0,0,0,1,0,0,0,0,0,"4,0",150,90,5,0,0,0,0,0,0,1,0,0,0,0,0,0,0,0,0,0,,,1,0,1,Liedl,grundwasser@mailbox.tu-dresden.de,,
MHSE 20,,Hydrodynamics,HydroSciences & Eng,,,,,,,Master,TUD,Englisch,1,0,1,0,0,0,1,0,0,0,0,0,"3,0",150,105,5,0,0,0,0,0,0,0,0,0,0,1,0,0,0,0,0,0,,,1,0,1,Pohl,Reinhard.Pohl@tu-dresden.de,,
MHSE 21,,Watershed Management II,HydroSciences & Eng,,,,,,,Master,TUD,Englisch,1,0,0,0,0,0,2,0,0,0,0,0,"3,0",150,105,5,0,0,0,0,0,0,0,0,0,0,1,0,0,0,0,0,0,,,1,0,1,Stamm,Juergen.Stamm@tu-dresden.de,,
MHSE 22,,Urban Water II,HydroSciences & Eng,,,,,,,Master,TUD,Englisch,2,0,1,1,0,0,0,"0,5",0,0,0,0,"4,5",150,"82,5",5,0,0,0,0,0,0,1,0,0,0,0,0,0,0,0,0,0,,,1,0,1,Krebs,Peter.Krebs@tu-dresden.de,,
MHSE 23,MHYD 15,Flood Risk Management II,HydroSciences & Eng,,,,,,,Master,TUD,Englisch,2,0,6,0,0,0,0,0,0,0,0,0,"8,0",300,180,10,0,0,0,0,0,0,"0,5",0,0,0,"0,5",0,0,0,0,0,0,,,1,0,1,Schanze,jochen.schanze@tu-dresden.de,,
MHSE 24,,Water Quality and Water Treatment,HydroSciences & Eng,,,,,,,Master,TUD,Englisch,2,0,0,0,0,0,2,0,0,0,0,0,"4,0",150,90,5,0,0,0,0,1,0,1,0,0,0,0,0,0,0,0,0,0,,,1,0,1,Worch,Eckhard.Worch@tu-dresden.de,,
MHSE 25,,Drinking Water Supply,HydroSciences & Eng,,,,,,,Master,TUD,Englisch,3,0,1,0,0,0,0,"0,5",0,0,0,0,"4,5",150,"82,5",5,0,0,0,0,0,0,1,0,0,0,0,0,0,0,0,0,0,,,1,0,1,Uhl,Wolfgang.Uhl@tu-dresden.de,,
MHYD02,,Klimatologie,Hydrologie,,,,,,,Master,TUD,Deutsch/Englisch,5,0,1,0,0,0,0,0,0,0,0,0,"6,0",300,210,10,0,0,0,0,0,0,"0,9",0,0,0,"0,1",0,0,0,0,0,0,,,1,1,2,Bernhofer,christian.bernhofer@tu-dresden.de,0,
MHYD03,,Hydrologische Modelle,Hydrologie,Hydrobiologie,,,,,,Master,TUD,Deutsch,2,0,2,0,0,0,0,0,0,0,0,0,"4,0",150,90,5,0,0,0,0,0,0,"0,7",0,0,0,"0,3",0,0,0,0,0,0,,,1,0,1,Schütze,,0,
MHYD05,,Einzugsgebietsmodellierung,Hydrologie,Hydrobiologie,,,,,,Master,TUD,Deutsch,2,0,2,0,0,0,0,0,0,0,0,0,"4,0",150,90,5,0,0,0,0,0,0,0,"0,3",0,0,"0,7",0,0,0,0,0,0,,,1,0,1,Lennartz,Franz.Lennartz@mailbox.tu-dresden.de,0,
MHYD07,,Bodenwasserhaushalt,Hydrologie,Hydrobiologie,Wasserwirtschaft,,,,,Master,TUD,Deutsch,2,0,2,0,0,0,0,0,0,0,0,0,"4,0",150,90,5,0,0,1,0,0,0,1,0,0,0,0,0,0,0,0,0,0,,,0,1,1,Lennartz,Franz.Lennartz@mailbox.tu-dresden.de,0,
MHYD10,,Hydromelioration,Hydrologie,Wasserwirtschaft,,,,,,Master,TUD,Deutsch,3,0,1,0,0,0,0,0,0,0,0,0,"4,0",150,90,5,0,0,0,0,0,0,"0,6",0,0,0,"0,4",0,0,0,0,0,0,,,0,1,1,Liedl,,0,
MHYD11,,Vertiefungspraktikum Meteorologie,Hydrologie,,,,,,,Master,TUD,Deutsch,0,0,0,0,0,0,4,0,0,0,0,0,"4,0",150,90,5,0,0,0,0,0,0,0,0,1,0,0,0,0,0,0,0,0,,,0,1,1,Bernhofer,christian.bernhofer@tu-dresden.de,0,
MHYD12,,Spezielle Aspekte der Hydrologie,Hydrologie,,,,,,,Master,TUD,Deutsch,2,0,1,1,0,0,0,0,0,0,0,0,"4,0",150,90,5,0,0,0,0,0,0,0,0,"0,5",0,"0,5",0,0,0,0,0,0,,,0,1,1,Schütze,,0,"gelb: 1 Tag  ~ 0,5 SWS"
MHYD13,,Globale Beobachtungssysteme,Hydrologie,,,,,,,Master,TUD,Deutsch,3,0,0,1,0,0,0,0,0,0,0,0,"4,0",150,90,5,0,0,0,0,0,0,0,0,1,0,0,0,0,0,0,0,0,,,1,1,2,Berger,,0,
MHYD14,MHSE 14,Hochwasserrisikomanagement für Hydrologen I,Hydrologie,Wasserwirtschaft,,,,,,Master,TUD,Englisch,2,0,2,0,0,0,0,0,0,0,0,0,"4,0",150,90,5,0,0,0,0,0,0,"0,7",0,0,0,"0,3",0,0,0,0,0,0,,,0,1,1,Bernhofer,christian.bernhofer@tu-dresden.de,"Schanze, Siemens",
MHYD15,MHSE 23,Hochwasserrisikomanagement für Hydrologen II,Hydrologie,,,,,,,Master,TUD,Englisch,2,0,6,0,0,0,0,0,0,0,0,0,"8,0",300,180,10,0,0,0,0,0,0,"0,5",0,0,0,"0,5",0,0,0,0,0,0,,,1,0,1,Schanze,jochen.schanze@tu-dresden.de,"Bernhofer, Siemens",
MHYB01,,Hydrobiologie und Gewässergüte,Hydrobiologie,Hydrologie,,,,,,Master,TUD,Deutsch,2,0,4,1,0,0,0,0,0,0,0,0,"7,0",300,195,10,0,0,0,0,0,0,0,0,"0,5",0,"0,5",0,0,0,0,0,0,,,1,1,2,Berendonk,thomas.berendonk@tu-dresden.de,0,
MHYB02,,Ökologische und molekulare Biodiversität,Hydrobiologie,,,,,,,Master,TUD,Deutsch/Englisch,2,0,6,2,0,0,0,0,0,0,0,0,"10,0",450,300,15,0,0,0,0,0,0,0,0,"0,5",0,"0,5",0,0,0,0,0,0,,,1,1,2,Berendonk,thomas.berendonk@tu-dresden.de,Krenek,
MHYB03,,Ökologische Statistik und Systemanalyse,Hydrobiologie,Hydrologie,,,,,,Master,TUD,Deutsch,5,0,2,0,0,0,0,0,0,0,0,0,"7,0",300,195,10,0,0,0,0,0,0,"0,75",0,"0,25",0,0,0,0,0,0,0,0,,,1,0,1,Petzoldt,thomas.petzoldt@tu-dresden.de,0,
MHYB04,,Ökotoxikologie,Hydrobiologie,Hydrologie,Wasserwirtschaft,,,,,Master,TUD,Deutsch/Englisch,1,0,0,0,0,0,2,0,0,0,0,0,"3,0",150,105,5,0,0,0,0,0,0,"0,75",0,"0,25",0,0,0,0,0,0,0,0,,,1,0,1,Jungmann,,0,
MHYB05,,Fachpraktikum Hydrobiologie und Seminar,Hydrobiologie,,,,,,,Master,TUD,Deutsch/Englisch,0,0,0,4,0,0,0,0,0,0,0,0,"4,0",450,390,15,0,0,0,0,0,0,0,0,"0,3",0,"0,7",0,0,0,0,0,0,,,1,1,2,Berendonk,thomas.berendonk@tu-dresden.de,0,
MHYB06,,Forschungspraktikum Hydrobiologie,Hydrobiologie,,,,,,,Master,TUD,Deutsch/Englisch,0,0,0,1,0,0,6,0,0,0,0,0,"7,0",300,195,10,0,0,0,0,0,0,0,0,"0,5",0,"0,5",0,0,0,0,0,0,,,1,0,1,Berendonk,thomas.berendonk@tu-dresden.de,0,Forschungspraktikum
MHYB08,,Ökologische Modellierung,Hydrobiologie,Hydrologie,Wasserwirtschaft,,,,,Master,TUD,Deutsch/Englisch,2,0,1,0,0,0,0,0,0,0,0,0,"3,0",150,105,5,0,0,0,0,0,0,0,0,"0,5",0,"0,5",0,0,0,0,0,0,,,1,0,1,Borchardt,,0,
MHYB09,,Ökologie und Wasserqualitätsmanagement,Hydrobiologie,Hydrologie,,,,,,Master,TUD,Deutsch,2,0,4,1,0,0,0,0,0,0,0,0,"7,0",300,195,10,0,0,0,0,0,0,0,0,"0,5",0,"0,5",0,0,0,0,0,0,,,1,1,2,Weitere,,"Borchardt, Berendonk",
MHYB10,,Vertiefung Biodiversität,Hydrobiologie,,,,,,,Master,TUD,Deutsch,1,0,2,0,0,0,0,0,0,0,0,0,"3,0",150,105,5,0,0,0,0,0,0,0,0,"0,5",0,"0,5",0,0,0,0,0,0,,,0,1,1,Mehner,,Berendonk,
MHYB11,,Freilandübungen Gewässerökologie,Hydrobiologie,,,,,,,Master,TUD,Deutsch,1,0,3,0,0,0,0,0,0,0,0,0,"4,0",150,90,5,0,0,0,0,0,0,0,0,"0,5",0,"0,5",0,0,0,0,0,0,,,0,1,1,Berendonk,thomas.berendonk@tu-dresden.de,0,
MHYWI01,,Hydrometeorologie und Landschaftsklima,Hydrowissenschaften,Hydrobiologie,Wasserwirtschaft,,,,,Master,TUD,Deutsch,4,0,0,0,0,0,0,0,0,0,0,0,"4,0",150,90,5,0,0,0,0,0,0,0,0,0,0,1,0,0,0,0,0,0,,,0,1,1,Bernhofer,christian.bernhofer@tu-dresden.de,0,
MHYWI02,,Datenverwaltung und -analyse,Hydrowissenschaften,Abfallwirtschaft und Altlasten,Hydrobiologie,Hydrologie,Wasserwirtschaft,,,Master,TUD,Deutsch,1,0,4,0,0,0,0,0,0,0,0,0,"5,0",150,75,5,0,0,0,0,0,0,"0,6",0,0,0,"0,4",0,0,0,0,0,0,,,1,0,1,Siemens,,0,
MWW16,,Integriertes Wasserressourcenmanagement (IWRM),Hydrowissenschaften,Hydrobiologie,Hydrologie,Wasserwirtschaft,,,,Master,TUD,Deutsch/Englisch,3,0,0,0,0,0,1,0,0,0,0,0,"4,0",150,90,5,0,0,0,0,0,0,"0,6",0,0,0,"0,4",0,0,0,0,0,0,,,0,1,1,Krebs,Peter.Krebs@tu-dresden.de,0,
